id,speaker,speech,intonation,transcript,intent,arguments,backend,speech_start_s,speech_end_s,file,condition,snr_db,snr_broadband_db,ambience
a01,a,continuous,order,robot three forward,forward,,chatterbox,0.362,1.893,clean/a01-order.wav,clean,,,
a01,a,continuous,order,robot three forward,forward,,chatterbox,0.362,1.893,snr30/a01-order.wav,snr30,30.0,32.61,sorting-centre
a01,a,continuous,order,robot three forward,forward,,chatterbox,0.362,1.893,snr20/a01-order.wav,snr20,20.0,24.32,factory-impacts+robot-motors
a01,a,continuous,order,robot three forward,forward,,chatterbox,0.362,1.893,snr10/a01-order.wav,snr10,10.0,12.5,sorting-centre
a01,a,continuous,order,robot three forward,forward,,chatterbox,0.362,1.893,snr5/a01-order.wav,snr5,5.0,6.72,conveyor-belt+robot-motors
a01,a,continuous,order,robot three forward,forward,,chatterbox,0.362,1.893,snr0/a01-order.wav,snr0,0.0,1.3,conveyor-belt+robot-motors
a01,a,continuous,order,robot three forward,forward,,chatterbox,0.362,1.893,snrm5/a01-order.wav,snrm5,-5.0,-2.25,sorting-centre
a02,a,continuous,order,robot three stop,stop,,chatterbox,0.2,1.578,clean/a02-order.wav,clean,,,
a02,a,continuous,order,robot three stop,stop,,chatterbox,0.2,1.578,snr30/a02-order.wav,snr30,30.0,36.12,factory-impacts
a02,a,continuous,order,robot three stop,stop,,chatterbox,0.2,1.578,snr20/a02-order.wav,snr20,20.0,25.59,workshop-hall+robot-motors
a02,a,continuous,order,robot three stop,stop,,chatterbox,0.2,1.578,snr10/a02-order.wav,snr10,10.0,12.09,conveyor-belt
a02,a,continuous,order,robot three stop,stop,,chatterbox,0.2,1.578,snr5/a02-order.wav,snr5,5.0,7.03,conveyor-belt
a02,a,continuous,order,robot three stop,stop,,chatterbox,0.2,1.578,snr0/a02-order.wav,snr0,0.0,2.76,conveyor-belt+robot-motors
a02,a,continuous,order,robot three stop,stop,,chatterbox,0.2,1.578,snrm5/a02-order.wav,snrm5,-5.0,0.93,factory-impacts+robot-motors
a03,a,continuous,order,robot three turn left,turn_left,,chatterbox,0.376,1.811,clean/a03-order.wav,clean,,,
a03,a,continuous,order,robot three turn left,turn_left,,chatterbox,0.376,1.811,snr30/a03-order.wav,snr30,30.0,31.18,conveyor-belt
a03,a,continuous,order,robot three turn left,turn_left,,chatterbox,0.376,1.811,snr20/a03-order.wav,snr20,20.0,21.92,conveyor-belt
a03,a,continuous,order,robot three turn left,turn_left,,chatterbox,0.376,1.811,snr10/a03-order.wav,snr10,10.0,13.06,conveyor-belt+robot-motors
a03,a,continuous,order,robot three turn left,turn_left,,chatterbox,0.376,1.811,snr5/a03-order.wav,snr5,5.0,8.84,sorting-centre
a03,a,continuous,order,robot three turn left,turn_left,,chatterbox,0.376,1.811,snr0/a03-order.wav,snr0,0.0,5.09,workshop-hall
a03,a,continuous,order,robot three turn left,turn_left,,chatterbox,0.376,1.811,snrm5/a03-order.wav,snrm5,-5.0,0.56,factory-impacts
a04,a,continuous,order,robot three turn right,turn_right,,chatterbox,0.394,2.079,clean/a04-order.wav,clean,,,
a04,a,continuous,order,robot three turn right,turn_right,,chatterbox,0.394,2.079,snr30/a04-order.wav,snr30,30.0,31.62,conveyor-belt
a04,a,continuous,order,robot three turn right,turn_right,,chatterbox,0.394,2.079,snr20/a04-order.wav,snr20,20.0,26.21,factory-impacts
a04,a,continuous,order,robot three turn right,turn_right,,chatterbox,0.394,2.079,snr10/a04-order.wav,snr10,10.0,14.45,workshop-hall+robot-motors
a04,a,continuous,order,robot three turn right,turn_right,,chatterbox,0.394,2.079,snr5/a04-order.wav,snr5,5.0,8.25,sorting-centre
a04,a,continuous,order,robot three turn right,turn_right,,chatterbox,0.394,2.079,snr0/a04-order.wav,snr0,0.0,0.76,conveyor-belt
a04,a,continuous,order,robot three turn right,turn_right,,chatterbox,0.394,2.079,snrm5/a04-order.wav,snrm5,-5.0,-0.1,workshop-hall
a05,a,continuous,order,robot three carry blue pallet,carry,blue pallet,chatterbox,0.225,2.065,clean/a05-order.wav,clean,,,
a05,a,continuous,order,robot three carry blue pallet,carry,blue pallet,chatterbox,0.225,2.065,snr30/a05-order.wav,snr30,30.0,33.71,sorting-centre+robot-motors
a05,a,continuous,order,robot three carry blue pallet,carry,blue pallet,chatterbox,0.225,2.065,snr20/a05-order.wav,snr20,20.0,23.51,sorting-centre
a05,a,continuous,order,robot three carry blue pallet,carry,blue pallet,chatterbox,0.225,2.065,snr10/a05-order.wav,snr10,10.0,15.72,factory-impacts
a05,a,continuous,order,robot three carry blue pallet,carry,blue pallet,chatterbox,0.225,2.065,snr5/a05-order.wav,snr5,5.0,10.04,factory-impacts+robot-motors
a05,a,continuous,order,robot three carry blue pallet,carry,blue pallet,chatterbox,0.225,2.065,snr0/a05-order.wav,snr0,-0.0,0.51,conveyor-belt
a05,a,continuous,order,robot three carry blue pallet,carry,blue pallet,chatterbox,0.225,2.065,snrm5/a05-order.wav,snrm5,-5.0,-0.3,factory-impacts+robot-motors
a06,a,continuous,order,robot three carry red pallet,carry,red pallet,chatterbox,0.524,2.634,clean/a06-order.wav,clean,,,
a06,a,continuous,order,robot three carry red pallet,carry,red pallet,chatterbox,0.524,2.634,snr30/a06-order.wav,snr30,30.0,33.39,sorting-centre
a06,a,continuous,order,robot three carry red pallet,carry,red pallet,chatterbox,0.524,2.634,snr20/a06-order.wav,snr20,20.0,22.67,conveyor-belt+robot-motors
a06,a,continuous,order,robot three carry red pallet,carry,red pallet,chatterbox,0.524,2.634,snr10/a06-order.wav,snr10,10.0,14.05,factory-impacts+robot-motors
a06,a,continuous,order,robot three carry red pallet,carry,red pallet,chatterbox,0.524,2.634,snr5/a06-order.wav,snr5,5.0,6.78,conveyor-belt+robot-motors
a06,a,continuous,order,robot three carry red pallet,carry,red pallet,chatterbox,0.524,2.634,snr0/a06-order.wav,snr0,0.0,4.42,workshop-hall+robot-motors
a06,a,continuous,order,robot three carry red pallet,carry,red pallet,chatterbox,0.524,2.634,snrm5/a06-order.wav,snrm5,-5.0,-3.29,conveyor-belt
a07,a,continuous,order,robot three make green crate,make,green crate,chatterbox,0.502,2.495,clean/a07-order.wav,clean,,,
a07,a,continuous,order,robot three make green crate,make,green crate,chatterbox,0.502,2.495,snr30/a07-order.wav,snr30,30.0,35.15,sorting-centre
a07,a,continuous,order,robot three make green crate,make,green crate,chatterbox,0.502,2.495,snr20/a07-order.wav,snr20,20.0,26.25,sorting-centre+robot-motors
a07,a,continuous,order,robot three make green crate,make,green crate,chatterbox,0.502,2.495,snr10/a07-order.wav,snr10,10.0,16.31,factory-impacts+robot-motors
a07,a,continuous,order,robot three make green crate,make,green crate,chatterbox,0.502,2.495,snr5/a07-order.wav,snr5,5.0,11.71,workshop-hall
a07,a,continuous,order,robot three make green crate,make,green crate,chatterbox,0.502,2.495,snr0/a07-order.wav,snr0,-0.0,6.91,workshop-hall
a07,a,continuous,order,robot three make green crate,make,green crate,chatterbox,0.502,2.495,snrm5/a07-order.wav,snrm5,-5.0,2.18,factory-impacts+robot-motors
a08,a,continuous,order,robot three make grey box,make,grey box,chatterbox,0.523,2.43,clean/a08-order.wav,clean,,,
a08,a,continuous,order,robot three make grey box,make,grey box,chatterbox,0.523,2.43,snr30/a08-order.wav,snr30,30.0,35.84,factory-impacts+robot-motors
a08,a,continuous,order,robot three make grey box,make,grey box,chatterbox,0.523,2.43,snr20/a08-order.wav,snr20,20.0,24.43,sorting-centre
a08,a,continuous,order,robot three make grey box,make,grey box,chatterbox,0.523,2.43,snr10/a08-order.wav,snr10,10.0,14.34,sorting-centre+robot-motors
a08,a,continuous,order,robot three make grey box,make,grey box,chatterbox,0.523,2.43,snr5/a08-order.wav,snr5,5.0,11.07,factory-impacts+robot-motors
a08,a,continuous,order,robot three make grey box,make,grey box,chatterbox,0.523,2.43,snr0/a08-order.wav,snr0,0.0,1.33,conveyor-belt
a08,a,continuous,order,robot three make grey box,make,grey box,chatterbox,0.523,2.43,snrm5/a08-order.wav,snrm5,-5.0,-1.3,conveyor-belt+robot-motors
a09,a,continuous,order,robot three stop now,stop,,chatterbox,0.247,2.014,clean/a09-order.wav,clean,,,
a09,a,continuous,order,robot three stop now,stop,,chatterbox,0.247,2.014,snr30/a09-order.wav,snr30,30.0,35.45,factory-impacts
a09,a,continuous,order,robot three stop now,stop,,chatterbox,0.247,2.014,snr20/a09-order.wav,snr20,20.0,24.16,workshop-hall+robot-motors
a09,a,continuous,order,robot three stop now,stop,,chatterbox,0.247,2.014,snr10/a09-order.wav,snr10,10.0,12.99,sorting-centre
a09,a,continuous,order,robot three stop now,stop,,chatterbox,0.247,2.014,snr5/a09-order.wav,snr5,5.0,4.84,conveyor-belt
a09,a,continuous,order,robot three stop now,stop,,chatterbox,0.247,2.014,snr0/a09-order.wav,snr0,0.0,5.3,factory-impacts
a09,a,continuous,order,robot three stop now,stop,,chatterbox,0.247,2.014,snrm5/a09-order.wav,snrm5,-5.0,-0.91,factory-impacts+robot-motors
a10,a,continuous,order,robot three go forward,forward,,chatterbox,0.44,2.154,clean/a10-order.wav,clean,,,
a10,a,continuous,order,robot three go forward,forward,,chatterbox,0.44,2.154,snr30/a10-order.wav,snr30,30.0,34.64,factory-impacts+robot-motors
a10,a,continuous,order,robot three go forward,forward,,chatterbox,0.44,2.154,snr20/a10-order.wav,snr20,20.0,24.48,workshop-hall
a10,a,continuous,order,robot three go forward,forward,,chatterbox,0.44,2.154,snr10/a10-order.wav,snr10,10.0,14.12,workshop-hall+robot-motors
a10,a,continuous,order,robot three go forward,forward,,chatterbox,0.44,2.154,snr5/a10-order.wav,snr5,5.0,8.38,workshop-hall+robot-motors
a10,a,continuous,order,robot three go forward,forward,,chatterbox,0.44,2.154,snr0/a10-order.wav,snr0,0.0,3.91,workshop-hall+robot-motors
a10,a,continuous,order,robot three go forward,forward,,chatterbox,0.44,2.154,snrm5/a10-order.wav,snrm5,-5.0,-2.09,sorting-centre
a11,a,continuous,order,robot three left,turn_left,,chatterbox,0.195,1.79,clean/a11-order.wav,clean,,,
a11,a,continuous,order,robot three left,turn_left,,chatterbox,0.195,1.79,snr30/a11-order.wav,snr30,30.0,34.02,sorting-centre+robot-motors
a11,a,continuous,order,robot three left,turn_left,,chatterbox,0.195,1.79,snr20/a11-order.wav,snr20,20.0,23.58,sorting-centre
a11,a,continuous,order,robot three left,turn_left,,chatterbox,0.195,1.79,snr10/a11-order.wav,snr10,10.0,16.4,factory-impacts
a11,a,continuous,order,robot three left,turn_left,,chatterbox,0.195,1.79,snr5/a11-order.wav,snr5,5.0,9.35,factory-impacts+robot-motors
a11,a,continuous,order,robot three left,turn_left,,chatterbox,0.195,1.79,snr0/a11-order.wav,snr0,0.0,5.07,workshop-hall+robot-motors
a11,a,continuous,order,robot three left,turn_left,,chatterbox,0.195,1.79,snrm5/a11-order.wav,snrm5,-5.0,-1.86,conveyor-belt+robot-motors
a12,a,continuous,order,robot three right,turn_right,,chatterbox,0.28,1.774,clean/a12-order.wav,clean,,,
a12,a,continuous,order,robot three right,turn_right,,chatterbox,0.28,1.774,snr30/a12-order.wav,snr30,30.0,34.78,workshop-hall
a12,a,continuous,order,robot three right,turn_right,,chatterbox,0.28,1.774,snr20/a12-order.wav,snr20,20.0,25.01,workshop-hall+robot-motors
a12,a,continuous,order,robot three right,turn_right,,chatterbox,0.28,1.774,snr10/a12-order.wav,snr10,10.0,15.06,workshop-hall
a12,a,continuous,order,robot three right,turn_right,,chatterbox,0.28,1.774,snr5/a12-order.wav,snr5,5.0,9.78,workshop-hall
a12,a,continuous,order,robot three right,turn_right,,chatterbox,0.28,1.774,snr0/a12-order.wav,snr0,0.0,4.88,workshop-hall
a12,a,continuous,order,robot three right,turn_right,,chatterbox,0.28,1.774,snrm5/a12-order.wav,snrm5,-5.0,-1.78,sorting-centre
a13,a,continuous,order,robot three carry green crate,carry,green crate,chatterbox,0.443,2.438,clean/a13-order.wav,clean,,,
a13,a,continuous,order,robot three carry green crate,carry,green crate,chatterbox,0.443,2.438,snr30/a13-order.wav,snr30,30.0,35.74,workshop-hall+robot-motors
a13,a,continuous,order,robot three carry green crate,carry,green crate,chatterbox,0.443,2.438,snr20/a13-order.wav,snr20,20.0,24.76,workshop-hall+robot-motors
a13,a,continuous,order,robot three carry green crate,carry,green crate,chatterbox,0.443,2.438,snr10/a13-order.wav,snr10,10.0,16.61,factory-impacts
a13,a,continuous,order,robot three carry green crate,carry,green crate,chatterbox,0.443,2.438,snr5/a13-order.wav,snr5,5.0,11.39,factory-impacts
a13,a,continuous,order,robot three carry green crate,carry,green crate,chatterbox,0.443,2.438,snr0/a13-order.wav,snr0,0.0,4.25,workshop-hall+robot-motors
a13,a,continuous,order,robot three carry green crate,carry,green crate,chatterbox,0.443,2.438,snrm5/a13-order.wav,snrm5,-5.0,-3.74,conveyor-belt
a14,a,continuous,order,robot three make blue pallet,make,blue pallet,chatterbox,0.445,2.3,clean/a14-order.wav,clean,,,
a14,a,continuous,order,robot three make blue pallet,make,blue pallet,chatterbox,0.445,2.3,snr30/a14-order.wav,snr30,30.0,35.97,workshop-hall+robot-motors
a14,a,continuous,order,robot three make blue pallet,make,blue pallet,chatterbox,0.445,2.3,snr20/a14-order.wav,snr20,20.0,23.41,conveyor-belt+robot-motors
a14,a,continuous,order,robot three make blue pallet,make,blue pallet,chatterbox,0.445,2.3,snr10/a14-order.wav,snr10,10.0,12.86,conveyor-belt
a14,a,continuous,order,robot three make blue pallet,make,blue pallet,chatterbox,0.445,2.3,snr5/a14-order.wav,snr5,5.0,12.03,factory-impacts
a14,a,continuous,order,robot three make blue pallet,make,blue pallet,chatterbox,0.445,2.3,snr0/a14-order.wav,snr0,0.0,4.02,conveyor-belt+robot-motors
a14,a,continuous,order,robot three make blue pallet,make,blue pallet,chatterbox,0.445,2.3,snrm5/a14-order.wav,snrm5,-5.0,-0.24,sorting-centre
a15,a,continuous,order,robot three why,why,,chatterbox,0.346,1.99,clean/a15-order.wav,clean,,,
a15,a,continuous,order,robot three why,why,,chatterbox,0.346,1.99,snr30/a15-order.wav,snr30,30.0,33.35,sorting-centre+robot-motors
a15,a,continuous,order,robot three why,why,,chatterbox,0.346,1.99,snr20/a15-order.wav,snr20,20.0,22.75,sorting-centre
a15,a,continuous,order,robot three why,why,,chatterbox,0.346,1.99,snr10/a15-order.wav,snr10,10.0,9.69,conveyor-belt
a15,a,continuous,order,robot three why,why,,chatterbox,0.346,1.99,snr5/a15-order.wav,snr5,5.0,9.44,factory-impacts
a15,a,continuous,order,robot three why,why,,chatterbox,0.346,1.99,snr0/a15-order.wav,snr0,-0.0,1.24,conveyor-belt+robot-motors
a15,a,continuous,order,robot three why,why,,chatterbox,0.346,1.99,snrm5/a15-order.wav,snrm5,-5.0,-1.16,workshop-hall+robot-motors
b01,b,continuous,order,robot three forward,forward,,chatterbox,0.515,2.139,clean/b01-order.wav,clean,,,
b01,b,continuous,order,robot three forward,forward,,chatterbox,0.515,2.139,snr30/b01-order.wav,snr30,30.0,33.96,factory-impacts+robot-motors
b01,b,continuous,order,robot three forward,forward,,chatterbox,0.515,2.139,snr20/b01-order.wav,snr20,20.0,22.42,sorting-centre
b01,b,continuous,order,robot three forward,forward,,chatterbox,0.515,2.139,snr10/b01-order.wav,snr10,10.0,14.77,factory-impacts
b01,b,continuous,order,robot three forward,forward,,chatterbox,0.515,2.139,snr5/b01-order.wav,snr5,5.0,7.77,sorting-centre+robot-motors
b01,b,continuous,order,robot three forward,forward,,chatterbox,0.515,2.139,snr0/b01-order.wav,snr0,-0.0,0.13,conveyor-belt
b01,b,continuous,order,robot three forward,forward,,chatterbox,0.515,2.139,snrm5/b01-order.wav,snrm5,-5.0,0.09,factory-impacts
b02,b,continuous,order,robot three stop,stop,,chatterbox,0.456,1.871,clean/b02-order.wav,clean,,,
b02,b,continuous,order,robot three stop,stop,,chatterbox,0.456,1.871,snr30/b02-order.wav,snr30,30.0,33.07,sorting-centre+robot-motors
b02,b,continuous,order,robot three stop,stop,,chatterbox,0.456,1.871,snr20/b02-order.wav,snr20,20.0,22.33,sorting-centre+robot-motors
b02,b,continuous,order,robot three stop,stop,,chatterbox,0.456,1.871,snr10/b02-order.wav,snr10,10.0,10.09,conveyor-belt
b02,b,continuous,order,robot three stop,stop,,chatterbox,0.456,1.871,snr5/b02-order.wav,snr5,5.0,5.59,conveyor-belt+robot-motors
b02,b,continuous,order,robot three stop,stop,,chatterbox,0.456,1.871,snr0/b02-order.wav,snr0,0.0,4.32,factory-impacts
b02,b,continuous,order,robot three stop,stop,,chatterbox,0.456,1.871,snrm5/b02-order.wav,snrm5,-5.0,-4.77,conveyor-belt
b03,b,continuous,order,robot three turn left,turn_left,,chatterbox,0.229,1.863,clean/b03-order.wav,clean,,,
b03,b,continuous,order,robot three turn left,turn_left,,chatterbox,0.229,1.863,snr30/b03-order.wav,snr30,30.0,34.96,workshop-hall+robot-motors
b03,b,continuous,order,robot three turn left,turn_left,,chatterbox,0.229,1.863,snr20/b03-order.wav,snr20,20.0,24.16,workshop-hall+robot-motors
b03,b,continuous,order,robot three turn left,turn_left,,chatterbox,0.229,1.863,snr10/b03-order.wav,snr10,10.0,15.51,factory-impacts
b03,b,continuous,order,robot three turn left,turn_left,,chatterbox,0.229,1.863,snr5/b03-order.wav,snr5,5.0,7.82,sorting-centre
b03,b,continuous,order,robot three turn left,turn_left,,chatterbox,0.229,1.863,snr0/b03-order.wav,snr0,-0.0,4.5,workshop-hall
b03,b,continuous,order,robot three turn left,turn_left,,chatterbox,0.229,1.863,snrm5/b03-order.wav,snrm5,-5.0,-1.05,workshop-hall+robot-motors
b04,b,continuous,order,robot three turn right,turn_right,,chatterbox,0.372,2.088,clean/b04-order.wav,clean,,,
b04,b,continuous,order,robot three turn right,turn_right,,chatterbox,0.372,2.088,snr30/b04-order.wav,snr30,30.0,34.37,factory-impacts+robot-motors
b04,b,continuous,order,robot three turn right,turn_right,,chatterbox,0.372,2.088,snr20/b04-order.wav,snr20,20.0,24.48,factory-impacts+robot-motors
b04,b,continuous,order,robot three turn right,turn_right,,chatterbox,0.372,2.088,snr10/b04-order.wav,snr10,10.0,13.13,sorting-centre+robot-motors
b04,b,continuous,order,robot three turn right,turn_right,,chatterbox,0.372,2.088,snr5/b04-order.wav,snr5,5.0,8.22,sorting-centre+robot-motors
b04,b,continuous,order,robot three turn right,turn_right,,chatterbox,0.372,2.088,snr0/b04-order.wav,snr0,-0.0,4.27,workshop-hall
b04,b,continuous,order,robot three turn right,turn_right,,chatterbox,0.372,2.088,snrm5/b04-order.wav,snrm5,-5.0,-2.27,sorting-centre
b05,b,continuous,order,robot three carry blue pallet,carry,blue pallet,chatterbox,0.285,2.336,clean/b05-order.wav,clean,,,
b05,b,continuous,order,robot three carry blue pallet,carry,blue pallet,chatterbox,0.285,2.336,snr30/b05-order.wav,snr30,30.0,32.19,sorting-centre
b05,b,continuous,order,robot three carry blue pallet,carry,blue pallet,chatterbox,0.285,2.336,snr20/b05-order.wav,snr20,20.0,23.77,workshop-hall
b05,b,continuous,order,robot three carry blue pallet,carry,blue pallet,chatterbox,0.285,2.336,snr10/b05-order.wav,snr10,10.0,12.0,conveyor-belt+robot-motors
b05,b,continuous,order,robot three carry blue pallet,carry,blue pallet,chatterbox,0.285,2.336,snr5/b05-order.wav,snr5,5.0,5.98,conveyor-belt+robot-motors
b05,b,continuous,order,robot three carry blue pallet,carry,blue pallet,chatterbox,0.285,2.336,snr0/b05-order.wav,snr0,0.0,4.94,factory-impacts
b05,b,continuous,order,robot three carry blue pallet,carry,blue pallet,chatterbox,0.285,2.336,snrm5/b05-order.wav,snrm5,-5.0,-1.5,workshop-hall+robot-motors
b06,b,continuous,order,robot three carry red pallet,carry,red pallet,chatterbox,0.386,2.576,clean/b06-order.wav,clean,,,
b06,b,continuous,order,robot three carry red pallet,carry,red pallet,chatterbox,0.386,2.576,snr30/b06-order.wav,snr30,30.0,33.23,workshop-hall+robot-motors
b06,b,continuous,order,robot three carry red pallet,carry,red pallet,chatterbox,0.386,2.576,snr20/b06-order.wav,snr20,20.0,24.14,workshop-hall+robot-motors
b06,b,continuous,order,robot three carry red pallet,carry,red pallet,chatterbox,0.386,2.576,snr10/b06-order.wav,snr10,10.0,15.47,factory-impacts
b06,b,continuous,order,robot three carry red pallet,carry,red pallet,chatterbox,0.386,2.576,snr5/b06-order.wav,snr5,5.0,8.46,sorting-centre+robot-motors
b06,b,continuous,order,robot three carry red pallet,carry,red pallet,chatterbox,0.386,2.576,snr0/b06-order.wav,snr0,0.0,4.16,workshop-hall
b06,b,continuous,order,robot three carry red pallet,carry,red pallet,chatterbox,0.386,2.576,snrm5/b06-order.wav,snrm5,-5.0,-0.95,factory-impacts+robot-motors
b07,b,continuous,order,robot three make green crate,make,green crate,chatterbox,0.422,2.547,clean/b07-order.wav,clean,,,
b07,b,continuous,order,robot three make green crate,make,green crate,chatterbox,0.422,2.547,snr30/b07-order.wav,snr30,30.0,34.17,sorting-centre+robot-motors
b07,b,continuous,order,robot three make green crate,make,green crate,chatterbox,0.422,2.547,snr20/b07-order.wav,snr20,20.0,22.0,conveyor-belt
b07,b,continuous,order,robot three make green crate,make,green crate,chatterbox,0.422,2.547,snr10/b07-order.wav,snr10,10.0,16.46,factory-impacts
b07,b,continuous,order,robot three make green crate,make,green crate,chatterbox,0.422,2.547,snr5/b07-order.wav,snr5,5.0,7.61,conveyor-belt+robot-motors
b07,b,continuous,order,robot three make green crate,make,green crate,chatterbox,0.422,2.547,snr0/b07-order.wav,snr0,0.0,3.63,sorting-centre
b07,b,continuous,order,robot three make green crate,make,green crate,chatterbox,0.422,2.547,snrm5/b07-order.wav,snrm5,-5.0,1.39,factory-impacts
b08,b,continuous,order,robot three make grey box,make,grey box,chatterbox,0.426,2.583,clean/b08-order.wav,clean,,,
b08,b,continuous,order,robot three make grey box,make,grey box,chatterbox,0.426,2.583,snr30/b08-order.wav,snr30,30.0,33.71,sorting-centre+robot-motors
b08,b,continuous,order,robot three make grey box,make,grey box,chatterbox,0.426,2.583,snr20/b08-order.wav,snr20,20.0,23.14,sorting-centre
b08,b,continuous,order,robot three make grey box,make,grey box,chatterbox,0.426,2.583,snr10/b08-order.wav,snr10,10.0,13.18,sorting-centre
b08,b,continuous,order,robot three make grey box,make,grey box,chatterbox,0.426,2.583,snr5/b08-order.wav,snr5,5.0,8.7,sorting-centre+robot-motors
b08,b,continuous,order,robot three make grey box,make,grey box,chatterbox,0.426,2.583,snr0/b08-order.wav,snr0,0.0,5.9,factory-impacts
b08,b,continuous,order,robot three make grey box,make,grey box,chatterbox,0.426,2.583,snrm5/b08-order.wav,snrm5,-5.0,-1.56,sorting-centre+robot-motors
b09,b,continuous,order,robot three stop now,stop,,chatterbox,0.28,2.008,clean/b09-order.wav,clean,,,
b09,b,continuous,order,robot three stop now,stop,,chatterbox,0.28,2.008,snr30/b09-order.wav,snr30,30.0,35.11,factory-impacts
b09,b,continuous,order,robot three stop now,stop,,chatterbox,0.28,2.008,snr20/b09-order.wav,snr20,20.0,22.68,sorting-centre
b09,b,continuous,order,robot three stop now,stop,,chatterbox,0.28,2.008,snr10/b09-order.wav,snr10,10.0,12.43,sorting-centre
b09,b,continuous,order,robot three stop now,stop,,chatterbox,0.28,2.008,snr5/b09-order.wav,snr5,5.0,7.43,sorting-centre
b09,b,continuous,order,robot three stop now,stop,,chatterbox,0.28,2.008,snr0/b09-order.wav,snr0,0.0,3.98,factory-impacts+robot-motors
b09,b,continuous,order,robot three stop now,stop,,chatterbox,0.28,2.008,snrm5/b09-order.wav,snrm5,-5.0,-1.52,factory-impacts+robot-motors
b10,b,continuous,order,robot three go forward,forward,,chatterbox,0.218,1.789,clean/b10-order.wav,clean,,,
b10,b,continuous,order,robot three go forward,forward,,chatterbox,0.218,1.789,snr30/b10-order.wav,snr30,30.0,29.03,conveyor-belt
b10,b,continuous,order,robot three go forward,forward,,chatterbox,0.218,1.789,snr20/b10-order.wav,snr20,20.0,25.02,factory-impacts
b10,b,continuous,order,robot three go forward,forward,,chatterbox,0.218,1.789,snr10/b10-order.wav,snr10,10.0,13.82,workshop-hall
b10,b,continuous,order,robot three go forward,forward,,chatterbox,0.218,1.789,snr5/b10-order.wav,snr5,5.0,5.44,conveyor-belt+robot-motors
b10,b,continuous,order,robot three go forward,forward,,chatterbox,0.218,1.789,snr0/b10-order.wav,snr0,-0.0,2.52,sorting-centre
b10,b,continuous,order,robot three go forward,forward,,chatterbox,0.218,1.789,snrm5/b10-order.wav,snrm5,-5.0,-0.15,factory-impacts
b11,b,continuous,order,robot three left,turn_left,,chatterbox,0.519,2.01,clean/b11-order.wav,clean,,,
b11,b,continuous,order,robot three left,turn_left,,chatterbox,0.519,2.01,snr30/b11-order.wav,snr30,30.0,33.46,workshop-hall+robot-motors
b11,b,continuous,order,robot three left,turn_left,,chatterbox,0.519,2.01,snr20/b11-order.wav,snr20,20.0,22.69,sorting-centre+robot-motors
b11,b,continuous,order,robot three left,turn_left,,chatterbox,0.519,2.01,snr10/b11-order.wav,snr10,10.0,10.95,conveyor-belt+robot-motors
b11,b,continuous,order,robot three left,turn_left,,chatterbox,0.519,2.01,snr5/b11-order.wav,snr5,5.0,7.37,sorting-centre
b11,b,continuous,order,robot three left,turn_left,,chatterbox,0.519,2.01,snr0/b11-order.wav,snr0,0.0,4.06,factory-impacts+robot-motors
b11,b,continuous,order,robot three left,turn_left,,chatterbox,0.519,2.01,snrm5/b11-order.wav,snrm5,-5.0,-1.58,factory-impacts+robot-motors
b12,b,continuous,order,robot three right,turn_right,,chatterbox,0.481,1.688,clean/b12-order.wav,clean,,,
b12,b,continuous,order,robot three right,turn_right,,chatterbox,0.481,1.688,snr30/b12-order.wav,snr30,30.0,33.88,workshop-hall+robot-motors
b12,b,continuous,order,robot three right,turn_right,,chatterbox,0.481,1.688,snr20/b12-order.wav,snr20,20.0,24.29,workshop-hall
b12,b,continuous,order,robot three right,turn_right,,chatterbox,0.481,1.688,snr10/b12-order.wav,snr10,10.0,14.03,workshop-hall+robot-motors
b12,b,continuous,order,robot three right,turn_right,,chatterbox,0.481,1.688,snr5/b12-order.wav,snr5,5.0,9.32,factory-impacts+robot-motors
b12,b,continuous,order,robot three right,turn_right,,chatterbox,0.481,1.688,snr0/b12-order.wav,snr0,-0.0,0.79,conveyor-belt
b12,b,continuous,order,robot three right,turn_right,,chatterbox,0.481,1.688,snrm5/b12-order.wav,snrm5,-5.0,-1.99,sorting-centre+robot-motors
b13,b,continuous,order,robot three carry green crate,carry,green crate,chatterbox,0.497,2.562,clean/b13-order.wav,clean,,,
b13,b,continuous,order,robot three carry green crate,carry,green crate,chatterbox,0.497,2.562,snr30/b13-order.wav,snr30,30.0,33.54,sorting-centre+robot-motors
b13,b,continuous,order,robot three carry green crate,carry,green crate,chatterbox,0.497,2.562,snr20/b13-order.wav,snr20,20.0,25.63,factory-impacts+robot-motors
b13,b,continuous,order,robot three carry green crate,carry,green crate,chatterbox,0.497,2.562,snr10/b13-order.wav,snr10,10.0,11.45,conveyor-belt+robot-motors
b13,b,continuous,order,robot three carry green crate,carry,green crate,chatterbox,0.497,2.562,snr5/b13-order.wav,snr5,5.0,7.77,sorting-centre
b13,b,continuous,order,robot three carry green crate,carry,green crate,chatterbox,0.497,2.562,snr0/b13-order.wav,snr0,-0.0,5.47,factory-impacts+robot-motors
b13,b,continuous,order,robot three carry green crate,carry,green crate,chatterbox,0.497,2.562,snrm5/b13-order.wav,snrm5,-5.0,0.68,factory-impacts
b14,b,continuous,order,robot three make blue pallet,make,blue pallet,chatterbox,0.251,2.566,clean/b14-order.wav,clean,,,
b14,b,continuous,order,robot three make blue pallet,make,blue pallet,chatterbox,0.251,2.566,snr30/b14-order.wav,snr30,30.0,30.42,conveyor-belt
b14,b,continuous,order,robot three make blue pallet,make,blue pallet,chatterbox,0.251,2.566,snr20/b14-order.wav,snr20,20.0,24.16,workshop-hall
b14,b,continuous,order,robot three make blue pallet,make,blue pallet,chatterbox,0.251,2.566,snr10/b14-order.wav,snr10,10.0,11.95,conveyor-belt+robot-motors
b14,b,continuous,order,robot three make blue pallet,make,blue pallet,chatterbox,0.251,2.566,snr5/b14-order.wav,snr5,5.0,9.57,factory-impacts+robot-motors
b14,b,continuous,order,robot three make blue pallet,make,blue pallet,chatterbox,0.251,2.566,snr0/b14-order.wav,snr0,0.0,4.58,workshop-hall
b14,b,continuous,order,robot three make blue pallet,make,blue pallet,chatterbox,0.251,2.566,snrm5/b14-order.wav,snrm5,-5.0,-0.37,workshop-hall
b15,b,continuous,order,robot three why,why,,chatterbox,0.262,1.791,clean/b15-order.wav,clean,,,
b15,b,continuous,order,robot three why,why,,chatterbox,0.262,1.791,snr30/b15-order.wav,snr30,30.0,34.13,factory-impacts+robot-motors
b15,b,continuous,order,robot three why,why,,chatterbox,0.262,1.791,snr20/b15-order.wav,snr20,20.0,23.98,workshop-hall
b15,b,continuous,order,robot three why,why,,chatterbox,0.262,1.791,snr10/b15-order.wav,snr10,10.0,13.91,workshop-hall
b15,b,continuous,order,robot three why,why,,chatterbox,0.262,1.791,snr5/b15-order.wav,snr5,5.0,7.51,sorting-centre
b15,b,continuous,order,robot three why,why,,chatterbox,0.262,1.791,snr0/b15-order.wav,snr0,-0.0,2.52,sorting-centre
b15,b,continuous,order,robot three why,why,,chatterbox,0.262,1.791,snrm5/b15-order.wav,snrm5,-5.0,-0.03,factory-impacts
c01,c,continuous,order,robot three forward,forward,,chatterbox,0.548,2.191,clean/c01-order.wav,clean,,,
c01,c,continuous,order,robot three forward,forward,,chatterbox,0.548,2.191,snr30/c01-order.wav,snr30,30.0,37.75,sorting-centre
c01,c,continuous,order,robot three forward,forward,,chatterbox,0.548,2.191,snr20/c01-order.wav,snr20,20.0,30.56,factory-impacts
c01,c,continuous,order,robot three forward,forward,,chatterbox,0.548,2.191,snr10/c01-order.wav,snr10,10.0,16.63,conveyor-belt+robot-motors
c01,c,continuous,order,robot three forward,forward,,chatterbox,0.548,2.191,snr5/c01-order.wav,snr5,5.0,14.43,workshop-hall
c01,c,continuous,order,robot three forward,forward,,chatterbox,0.548,2.191,snr0/c01-order.wav,snr0,-0.0,6.37,conveyor-belt+robot-motors
c01,c,continuous,order,robot three forward,forward,,chatterbox,0.548,2.191,snrm5/c01-order.wav,snrm5,-5.0,3.11,sorting-centre+robot-motors
c02,c,continuous,order,robot three stop,stop,,chatterbox,0.232,1.837,clean/c02-order.wav,clean,,,
c02,c,continuous,order,robot three stop,stop,,chatterbox,0.232,1.837,snr30/c02-order.wav,snr30,30.0,39.27,factory-impacts+robot-motors
c02,c,continuous,order,robot three stop,stop,,chatterbox,0.232,1.837,snr20/c02-order.wav,snr20,20.0,27.84,sorting-centre
c02,c,continuous,order,robot three stop,stop,,chatterbox,0.232,1.837,snr10/c02-order.wav,snr10,10.0,20.58,factory-impacts
c02,c,continuous,order,robot three stop,stop,,chatterbox,0.232,1.837,snr5/c02-order.wav,snr5,5.0,10.74,conveyor-belt
c02,c,continuous,order,robot three stop,stop,,chatterbox,0.232,1.837,snr0/c02-order.wav,snr0,0.0,7.74,sorting-centre
c02,c,continuous,order,robot three stop,stop,,chatterbox,0.232,1.837,snrm5/c02-order.wav,snrm5,-5.0,0.7,conveyor-belt
c03,c,continuous,order,robot three turn left,turn_left,,chatterbox,0.49,2.193,clean/c03-order.wav,clean,,,
c03,c,continuous,order,robot three turn left,turn_left,,chatterbox,0.49,2.193,snr30/c03-order.wav,snr30,30.0,38.78,sorting-centre
c03,c,continuous,order,robot three turn left,turn_left,,chatterbox,0.49,2.193,snr20/c03-order.wav,snr20,20.0,27.17,conveyor-belt+robot-motors
c03,c,continuous,order,robot three turn left,turn_left,,chatterbox,0.49,2.193,snr10/c03-order.wav,snr10,10.0,15.95,conveyor-belt
c03,c,continuous,order,robot three turn left,turn_left,,chatterbox,0.49,2.193,snr5/c03-order.wav,snr5,5.0,12.06,conveyor-belt+robot-motors
c03,c,continuous,order,robot three turn left,turn_left,,chatterbox,0.49,2.193,snr0/c03-order.wav,snr0,-0.0,7.95,conveyor-belt+robot-motors
c03,c,continuous,order,robot three turn left,turn_left,,chatterbox,0.49,2.193,snrm5/c03-order.wav,snrm5,-5.0,0.75,conveyor-belt
c04,c,continuous,order,robot three turn right,turn_right,,chatterbox,0.415,2.261,clean/c04-order.wav,clean,,,
c04,c,continuous,order,robot three turn right,turn_right,,chatterbox,0.415,2.261,snr30/c04-order.wav,snr30,30.0,37.81,sorting-centre
c04,c,continuous,order,robot three turn right,turn_right,,chatterbox,0.415,2.261,snr20/c04-order.wav,snr20,20.0,30.85,factory-impacts
c04,c,continuous,order,robot three turn right,turn_right,,chatterbox,0.415,2.261,snr10/c04-order.wav,snr10,10.0,18.22,sorting-centre
c04,c,continuous,order,robot three turn right,turn_right,,chatterbox,0.415,2.261,snr5/c04-order.wav,snr5,5.0,15.0,factory-impacts+robot-motors
c04,c,continuous,order,robot three turn right,turn_right,,chatterbox,0.415,2.261,snr0/c04-order.wav,snr0,0.0,6.76,conveyor-belt+robot-motors
c04,c,continuous,order,robot three turn right,turn_right,,chatterbox,0.415,2.261,snrm5/c04-order.wav,snrm5,-5.0,4.93,factory-impacts
c05,c,continuous,order,robot three carry blue pallet,carry,blue pallet,chatterbox,0.438,2.422,clean/c05-order.wav,clean,,,
c05,c,continuous,order,robot three carry blue pallet,carry,blue pallet,chatterbox,0.438,2.422,snr30/c05-order.wav,snr30,30.0,38.32,workshop-hall+robot-motors
c05,c,continuous,order,robot three carry blue pallet,carry,blue pallet,chatterbox,0.438,2.422,snr20/c05-order.wav,snr20,20.0,27.1,conveyor-belt+robot-motors
c05,c,continuous,order,robot three carry blue pallet,carry,blue pallet,chatterbox,0.438,2.422,snr10/c05-order.wav,snr10,10.0,19.47,factory-impacts+robot-motors
c05,c,continuous,order,robot three carry blue pallet,carry,blue pallet,chatterbox,0.438,2.422,snr5/c05-order.wav,snr5,5.0,11.46,conveyor-belt+robot-motors
c05,c,continuous,order,robot three carry blue pallet,carry,blue pallet,chatterbox,0.438,2.422,snr0/c05-order.wav,snr0,0.0,8.66,workshop-hall+robot-motors
c05,c,continuous,order,robot three carry blue pallet,carry,blue pallet,chatterbox,0.438,2.422,snrm5/c05-order.wav,snrm5,-5.0,4.11,workshop-hall
c06,c,continuous,order,robot three carry red pallet,carry,red pallet,chatterbox,0.492,2.547,clean/c06-order.wav,clean,,,
c06,c,continuous,order,robot three carry red pallet,carry,red pallet,chatterbox,0.492,2.547,snr30/c06-order.wav,snr30,30.0,40.72,factory-impacts+robot-motors
c06,c,continuous,order,robot three carry red pallet,carry,red pallet,chatterbox,0.492,2.547,snr20/c06-order.wav,snr20,20.0,28.22,sorting-centre+robot-motors
c06,c,continuous,order,robot three carry red pallet,carry,red pallet,chatterbox,0.492,2.547,snr10/c06-order.wav,snr10,10.0,16.06,conveyor-belt
c06,c,continuous,order,robot three carry red pallet,carry,red pallet,chatterbox,0.492,2.547,snr5/c06-order.wav,snr5,5.0,14.16,workshop-hall+robot-motors
c06,c,continuous,order,robot three carry red pallet,carry,red pallet,chatterbox,0.492,2.547,snr0/c06-order.wav,snr0,0.0,8.26,sorting-centre+robot-motors
c06,c,continuous,order,robot three carry red pallet,carry,red pallet,chatterbox,0.492,2.547,snrm5/c06-order.wav,snrm5,-5.0,2.86,sorting-centre
c07,c,continuous,order,robot three make green crate,make,green crate,chatterbox,0.21,2.39,clean/c07-order.wav,clean,,,
c07,c,continuous,order,robot three make green crate,make,green crate,chatterbox,0.21,2.39,snr30/c07-order.wav,snr30,30.0,40.78,factory-impacts
c07,c,continuous,order,robot three make green crate,make,green crate,chatterbox,0.21,2.39,snr20/c07-order.wav,snr20,20.0,28.29,sorting-centre+robot-motors
c07,c,continuous,order,robot three make green crate,make,green crate,chatterbox,0.21,2.39,snr10/c07-order.wav,snr10,10.0,17.92,sorting-centre
c07,c,continuous,order,robot three make green crate,make,green crate,chatterbox,0.21,2.39,snr5/c07-order.wav,snr5,5.0,13.5,sorting-centre+robot-motors
c07,c,continuous,order,robot three make green crate,make,green crate,chatterbox,0.21,2.39,snr0/c07-order.wav,snr0,0.0,6.6,conveyor-belt+robot-motors
c07,c,continuous,order,robot three make green crate,make,green crate,chatterbox,0.21,2.39,snrm5/c07-order.wav,snrm5,-5.0,0.28,conveyor-belt
c08,c,continuous,order,robot three make grey box,make,grey box,chatterbox,0.383,2.459,clean/c08-order.wav,clean,,,
c08,c,continuous,order,robot three make grey box,make,grey box,chatterbox,0.383,2.459,snr30/c08-order.wav,snr30,30.0,38.2,sorting-centre
c08,c,continuous,order,robot three make grey box,make,grey box,chatterbox,0.383,2.459,snr20/c08-order.wav,snr20,20.0,30.81,factory-impacts
c08,c,continuous,order,robot three make grey box,make,grey box,chatterbox,0.383,2.459,snr10/c08-order.wav,snr10,10.0,19.72,workshop-hall
c08,c,continuous,order,robot three make grey box,make,grey box,chatterbox,0.383,2.459,snr5/c08-order.wav,snr5,5.0,13.74,workshop-hall+robot-motors
c08,c,continuous,order,robot three make grey box,make,grey box,chatterbox,0.383,2.459,snr0/c08-order.wav,snr0,-0.0,10.04,workshop-hall
c08,c,continuous,order,robot three make grey box,make,grey box,chatterbox,0.383,2.459,snrm5/c08-order.wav,snrm5,-5.0,4.4,workshop-hall+robot-motors
c09,c,continuous,order,robot three stop now,stop,,chatterbox,0.492,2.328,clean/c09-order.wav,clean,,,
c09,c,continuous,order,robot three stop now,stop,,chatterbox,0.492,2.328,snr30/c09-order.wav,snr30,30.0,39.83,factory-impacts+robot-motors
c09,c,continuous,order,robot three stop now,stop,,chatterbox,0.492,2.328,snr20/c09-order.wav,snr20,20.0,26.84,conveyor-belt
c09,c,continuous,order,robot three stop now,stop,,chatterbox,0.492,2.328,snr10/c09-order.wav,snr10,10.0,21.2,factory-impacts
c09,c,continuous,order,robot three stop now,stop,,chatterbox,0.492,2.328,snr5/c09-order.wav,snr5,5.0,14.58,workshop-hall+robot-motors
c09,c,continuous,order,robot three stop now,stop,,chatterbox,0.492,2.328,snr0/c09-order.wav,snr0,0.0,10.43,workshop-hall
c09,c,continuous,order,robot three stop now,stop,,chatterbox,0.492,2.328,snrm5/c09-order.wav,snrm5,-5.0,4.18,sorting-centre+robot-motors
c10,c,continuous,order,robot three go forward,forward,,chatterbox,0.419,2.032,clean/c10-order.wav,clean,,,
c10,c,continuous,order,robot three go forward,forward,,chatterbox,0.419,2.032,snr30/c10-order.wav,snr30,30.0,37.43,sorting-centre
c10,c,continuous,order,robot three go forward,forward,,chatterbox,0.419,2.032,snr20/c10-order.wav,snr20,20.0,25.24,conveyor-belt
c10,c,continuous,order,robot three go forward,forward,,chatterbox,0.419,2.032,snr10/c10-order.wav,snr10,10.0,16.32,conveyor-belt+robot-motors
c10,c,continuous,order,robot three go forward,forward,,chatterbox,0.419,2.032,snr5/c10-order.wav,snr5,5.0,12.83,sorting-centre
c10,c,continuous,order,robot three go forward,forward,,chatterbox,0.419,2.032,snr0/c10-order.wav,snr0,0.0,9.18,workshop-hall
c10,c,continuous,order,robot three go forward,forward,,chatterbox,0.419,2.032,snrm5/c10-order.wav,snrm5,-5.0,3.32,workshop-hall+robot-motors
c11,c,continuous,order,robot three left,turn_left,,chatterbox,0.502,2.11,clean/c11-order.wav,clean,,,
c11,c,continuous,order,robot three left,turn_left,,chatterbox,0.502,2.11,snr30/c11-order.wav,snr30,30.0,39.23,workshop-hall+robot-motors
c11,c,continuous,order,robot three left,turn_left,,chatterbox,0.502,2.11,snr20/c11-order.wav,snr20,20.0,29.77,factory-impacts+robot-motors
c11,c,continuous,order,robot three left,turn_left,,chatterbox,0.502,2.11,snr10/c11-order.wav,snr10,10.0,17.27,conveyor-belt+robot-motors
c11,c,continuous,order,robot three left,turn_left,,chatterbox,0.502,2.11,snr5/c11-order.wav,snr5,5.0,13.73,sorting-centre
c11,c,continuous,order,robot three left,turn_left,,chatterbox,0.502,2.11,snr0/c11-order.wav,snr0,0.0,9.54,workshop-hall+robot-motors
c11,c,continuous,order,robot three left,turn_left,,chatterbox,0.502,2.11,snrm5/c11-order.wav,snrm5,-5.0,2.26,conveyor-belt+robot-motors
c12,c,continuous,order,robot three right,turn_right,,chatterbox,0.544,1.996,clean/c12-order.wav,clean,,,
c12,c,continuous,order,robot three right,turn_right,,chatterbox,0.544,1.996,snr30/c12-order.wav,snr30,30.0,37.41,sorting-centre+robot-motors
c12,c,continuous,order,robot three right,turn_right,,chatterbox,0.544,1.996,snr20/c12-order.wav,snr20,20.0,24.23,conveyor-belt
c12,c,continuous,order,robot three right,turn_right,,chatterbox,0.544,1.996,snr10/c12-order.wav,snr10,10.0,16.89,sorting-centre
c12,c,continuous,order,robot three right,turn_right,,chatterbox,0.544,1.996,snr5/c12-order.wav,snr5,5.0,9.06,conveyor-belt
c12,c,continuous,order,robot three right,turn_right,,chatterbox,0.544,1.996,snr0/c12-order.wav,snr0,-0.0,9.43,factory-impacts
c12,c,continuous,order,robot three right,turn_right,,chatterbox,0.544,1.996,snrm5/c12-order.wav,snrm5,-5.0,4.48,factory-impacts
c13,c,continuous,order,robot three carry green crate,carry,green crate,chatterbox,0.478,2.623,clean/c13-order.wav,clean,,,
c13,c,continuous,order,robot three carry green crate,carry,green crate,chatterbox,0.478,2.623,snr30/c13-order.wav,snr30,30.0,37.7,sorting-centre
c13,c,continuous,order,robot three carry green crate,carry,green crate,chatterbox,0.478,2.623,snr20/c13-order.wav,snr20,20.0,28.08,sorting-centre
c13,c,continuous,order,robot three carry green crate,carry,green crate,chatterbox,0.478,2.623,snr10/c13-order.wav,snr10,10.0,17.06,conveyor-belt+robot-motors
c13,c,continuous,order,robot three carry green crate,carry,green crate,chatterbox,0.478,2.623,snr5/c13-order.wav,snr5,5.0,13.4,sorting-centre+robot-motors
c13,c,continuous,order,robot three carry green crate,carry,green crate,chatterbox,0.478,2.623,snr0/c13-order.wav,snr0,0.0,6.83,conveyor-belt+robot-motors
c13,c,continuous,order,robot three carry green crate,carry,green crate,chatterbox,0.478,2.623,snrm5/c13-order.wav,snrm5,-5.0,4.71,factory-impacts+robot-motors
c14,c,continuous,order,robot three make blue pallet,make,blue pallet,chatterbox,0.309,2.372,clean/c14-order.wav,clean,,,
c14,c,continuous,order,robot three make blue pallet,make,blue pallet,chatterbox,0.309,2.372,snr30/c14-order.wav,snr30,30.0,39.92,workshop-hall
c14,c,continuous,order,robot three make blue pallet,make,blue pallet,chatterbox,0.309,2.372,snr20/c14-order.wav,snr20,20.0,26.63,conveyor-belt+robot-motors
c14,c,continuous,order,robot three make blue pallet,make,blue pallet,chatterbox,0.309,2.372,snr10/c14-order.wav,snr10,10.0,19.69,factory-impacts+robot-motors
c14,c,continuous,order,robot three make blue pallet,make,blue pallet,chatterbox,0.309,2.372,snr5/c14-order.wav,snr5,5.0,14.11,workshop-hall+robot-motors
c14,c,continuous,order,robot three make blue pallet,make,blue pallet,chatterbox,0.309,2.372,snr0/c14-order.wav,snr0,0.0,7.96,sorting-centre
c14,c,continuous,order,robot three make blue pallet,make,blue pallet,chatterbox,0.309,2.372,snrm5/c14-order.wav,snrm5,-5.0,3.18,sorting-centre
c15,c,continuous,order,robot three why,why,,chatterbox,0.328,1.949,clean/c15-order.wav,clean,,,
c15,c,continuous,order,robot three why,why,,chatterbox,0.328,1.949,snr30/c15-order.wav,snr30,30.0,40.3,factory-impacts
c15,c,continuous,order,robot three why,why,,chatterbox,0.328,1.949,snr20/c15-order.wav,snr20,20.0,29.36,workshop-hall
c15,c,continuous,order,robot three why,why,,chatterbox,0.328,1.949,snr10/c15-order.wav,snr10,10.0,17.48,sorting-centre
c15,c,continuous,order,robot three why,why,,chatterbox,0.328,1.949,snr5/c15-order.wav,snr5,5.0,13.75,workshop-hall+robot-motors
c15,c,continuous,order,robot three why,why,,chatterbox,0.328,1.949,snr0/c15-order.wav,snr0,-0.0,6.52,conveyor-belt+robot-motors
c15,c,continuous,order,robot three why,why,,chatterbox,0.328,1.949,snrm5/c15-order.wav,snrm5,-5.0,3.85,workshop-hall+robot-motors
d01,d,continuous,order,robot three forward,forward,,chatterbox,0.387,1.859,clean/d01-order.wav,clean,,,
d01,d,continuous,order,robot three forward,forward,,chatterbox,0.387,1.859,snr30/d01-order.wav,snr30,30.0,34.01,factory-impacts+robot-motors
d01,d,continuous,order,robot three forward,forward,,chatterbox,0.387,1.859,snr20/d01-order.wav,snr20,20.0,22.2,sorting-centre+robot-motors
d01,d,continuous,order,robot three forward,forward,,chatterbox,0.387,1.859,snr10/d01-order.wav,snr10,10.0,9.91,conveyor-belt
d01,d,continuous,order,robot three forward,forward,,chatterbox,0.387,1.859,snr5/d01-order.wav,snr5,5.0,8.12,workshop-hall+robot-motors
d01,d,continuous,order,robot three forward,forward,,chatterbox,0.387,1.859,snr0/d01-order.wav,snr0,0.0,2.11,sorting-centre
d01,d,continuous,order,robot three forward,forward,,chatterbox,0.387,1.859,snrm5/d01-order.wav,snrm5,-5.0,-2.0,factory-impacts+robot-motors
d02,d,continuous,order,robot three stop,stop,,chatterbox,0.423,1.789,clean/d02-order.wav,clean,,,
d02,d,continuous,order,robot three stop,stop,,chatterbox,0.423,1.789,snr30/d02-order.wav,snr30,30.0,32.61,sorting-centre+robot-motors
d02,d,continuous,order,robot three stop,stop,,chatterbox,0.423,1.789,snr20/d02-order.wav,snr20,20.0,20.15,conveyor-belt
d02,d,continuous,order,robot three stop,stop,,chatterbox,0.423,1.789,snr10/d02-order.wav,snr10,10.0,11.06,conveyor-belt+robot-motors
d02,d,continuous,order,robot three stop,stop,,chatterbox,0.423,1.789,snr5/d02-order.wav,snr5,5.0,5.48,conveyor-belt+robot-motors
d02,d,continuous,order,robot three stop,stop,,chatterbox,0.423,1.789,snr0/d02-order.wav,snr0,0.0,4.77,factory-impacts+robot-motors
d02,d,continuous,order,robot three stop,stop,,chatterbox,0.423,1.789,snrm5/d02-order.wav,snrm5,-5.0,-2.19,workshop-hall+robot-motors
d03,d,continuous,order,robot three turn left,turn_left,,chatterbox,0.333,2.035,clean/d03-order.wav,clean,,,
d03,d,continuous,order,robot three turn left,turn_left,,chatterbox,0.333,2.035,snr30/d03-order.wav,snr30,30.0,33.52,factory-impacts+robot-motors
d03,d,continuous,order,robot three turn left,turn_left,,chatterbox,0.333,2.035,snr20/d03-order.wav,snr20,20.0,21.27,conveyor-belt+robot-motors
d03,d,continuous,order,robot three turn left,turn_left,,chatterbox,0.333,2.035,snr10/d03-order.wav,snr10,10.0,9.74,conveyor-belt
d03,d,continuous,order,robot three turn left,turn_left,,chatterbox,0.333,2.035,snr5/d03-order.wav,snr5,5.0,7.87,sorting-centre+robot-motors
d03,d,continuous,order,robot three turn left,turn_left,,chatterbox,0.333,2.035,snr0/d03-order.wav,snr0,0.0,4.92,factory-impacts
d03,d,continuous,order,robot three turn left,turn_left,,chatterbox,0.333,2.035,snrm5/d03-order.wav,snrm5,-5.0,-2.33,sorting-centre+robot-motors
d04,d,continuous,order,robot three turn right,turn_right,,chatterbox,0.366,2.134,clean/d04-order.wav,clean,,,
d04,d,continuous,order,robot three turn right,turn_right,,chatterbox,0.366,2.134,snr30/d04-order.wav,snr30,30.0,33.72,workshop-hall+robot-motors
d04,d,continuous,order,robot three turn right,turn_right,,chatterbox,0.366,2.134,snr20/d04-order.wav,snr20,20.0,19.41,conveyor-belt
d04,d,continuous,order,robot three turn right,turn_right,,chatterbox,0.366,2.134,snr10/d04-order.wav,snr10,10.0,13.65,workshop-hall
d04,d,continuous,order,robot three turn right,turn_right,,chatterbox,0.366,2.134,snr5/d04-order.wav,snr5,5.0,7.9,factory-impacts+robot-motors
d04,d,continuous,order,robot three turn right,turn_right,,chatterbox,0.366,2.134,snr0/d04-order.wav,snr0,-0.0,0.58,conveyor-belt+robot-motors
d04,d,continuous,order,robot three turn right,turn_right,,chatterbox,0.366,2.134,snrm5/d04-order.wav,snrm5,-5.0,-2.34,sorting-centre+robot-motors
d05,d,continuous,order,robot three carry blue pallet,carry,blue pallet,chatterbox,0.207,2.489,clean/d05-order.wav,clean,,,
d05,d,continuous,order,robot three carry blue pallet,carry,blue pallet,chatterbox,0.207,2.489,snr30/d05-order.wav,snr30,30.0,33.13,workshop-hall+robot-motors
d05,d,continuous,order,robot three carry blue pallet,carry,blue pallet,chatterbox,0.207,2.489,snr20/d05-order.wav,snr20,20.0,21.3,conveyor-belt+robot-motors
d05,d,continuous,order,robot three carry blue pallet,carry,blue pallet,chatterbox,0.207,2.489,snr10/d05-order.wav,snr10,10.0,12.2,sorting-centre+robot-motors
d05,d,continuous,order,robot three carry blue pallet,carry,blue pallet,chatterbox,0.207,2.489,snr5/d05-order.wav,snr5,5.0,5.02,conveyor-belt
d05,d,continuous,order,robot three carry blue pallet,carry,blue pallet,chatterbox,0.207,2.489,snr0/d05-order.wav,snr0,0.0,1.45,conveyor-belt+robot-motors
d05,d,continuous,order,robot three carry blue pallet,carry,blue pallet,chatterbox,0.207,2.489,snrm5/d05-order.wav,snrm5,-5.0,-2.63,sorting-centre+robot-motors
d06,d,continuous,order,robot three carry red pallet,carry,red pallet,chatterbox,0.161,2.333,clean/d06-order.wav,clean,,,
d06,d,continuous,order,robot three carry red pallet,carry,red pallet,chatterbox,0.161,2.333,snr30/d06-order.wav,snr30,30.0,29.61,conveyor-belt
d06,d,continuous,order,robot three carry red pallet,carry,red pallet,chatterbox,0.161,2.333,snr20/d06-order.wav,snr20,20.0,20.63,conveyor-belt+robot-motors
d06,d,continuous,order,robot three carry red pallet,carry,red pallet,chatterbox,0.161,2.333,snr10/d06-order.wav,snr10,10.0,13.2,factory-impacts+robot-motors
d06,d,continuous,order,robot three carry red pallet,carry,red pallet,chatterbox,0.161,2.333,snr5/d06-order.wav,snr5,5.0,6.96,sorting-centre
d06,d,continuous,order,robot three carry red pallet,carry,red pallet,chatterbox,0.161,2.333,snr0/d06-order.wav,snr0,0.0,0.08,conveyor-belt
d06,d,continuous,order,robot three carry red pallet,carry,red pallet,chatterbox,0.161,2.333,snrm5/d06-order.wav,snrm5,-5.0,-5.28,conveyor-belt
d07,d,continuous,order,robot three make green crate,make,green crate,chatterbox,0.295,2.55,clean/d07-order.wav,clean,,,
d07,d,continuous,order,robot three make green crate,make,green crate,chatterbox,0.295,2.55,snr30/d07-order.wav,snr30,30.0,33.86,factory-impacts+robot-motors
d07,d,continuous,order,robot three make green crate,make,green crate,chatterbox,0.295,2.55,snr20/d07-order.wav,snr20,20.0,23.23,workshop-hall+robot-motors
d07,d,continuous,order,robot three make green crate,make,green crate,chatterbox,0.295,2.55,snr10/d07-order.wav,snr10,10.0,14.74,factory-impacts
d07,d,continuous,order,robot three make green crate,make,green crate,chatterbox,0.295,2.55,snr5/d07-order.wav,snr5,5.0,7.19,sorting-centre
d07,d,continuous,order,robot three make green crate,make,green crate,chatterbox,0.295,2.55,snr0/d07-order.wav,snr0,0.0,1.85,sorting-centre
d07,d,continuous,order,robot three make green crate,make,green crate,chatterbox,0.295,2.55,snrm5/d07-order.wav,snrm5,-5.0,-0.83,factory-impacts+robot-motors
d08,d,continuous,order,robot three make grey box,make,grey box,chatterbox,0.272,3.211,clean/d08-order.wav,clean,,,
d08,d,continuous,order,robot three make grey box,make,grey box,chatterbox,0.272,3.211,snr30/d08-order.wav,snr30,30.0,30.22,conveyor-belt
d08,d,continuous,order,robot three make grey box,make,grey box,chatterbox,0.272,3.211,snr20/d08-order.wav,snr20,20.0,23.16,sorting-centre+robot-motors
d08,d,continuous,order,robot three make grey box,make,grey box,chatterbox,0.272,3.211,snr10/d08-order.wav,snr10,10.0,13.23,workshop-hall+robot-motors
d08,d,continuous,order,robot three make grey box,make,grey box,chatterbox,0.272,3.211,snr5/d08-order.wav,snr5,5.0,8.92,workshop-hall
d08,d,continuous,order,robot three make grey box,make,grey box,chatterbox,0.272,3.211,snr0/d08-order.wav,snr0,-0.0,2.78,sorting-centre+robot-motors
d08,d,continuous,order,robot three make grey box,make,grey box,chatterbox,0.272,3.211,snrm5/d08-order.wav,snrm5,-5.0,-0.85,factory-impacts+robot-motors
d09,d,continuous,order,robot three stop now,stop,,chatterbox,0.208,1.737,clean/d09-order.wav,clean,,,
d09,d,continuous,order,robot three stop now,stop,,chatterbox,0.208,1.737,snr30/d09-order.wav,snr30,30.0,32.13,sorting-centre+robot-motors
d09,d,continuous,order,robot three stop now,stop,,chatterbox,0.208,1.737,snr20/d09-order.wav,snr20,20.0,21.84,sorting-centre
d09,d,continuous,order,robot three stop now,stop,,chatterbox,0.208,1.737,snr10/d09-order.wav,snr10,10.0,14.61,factory-impacts
d09,d,continuous,order,robot three stop now,stop,,chatterbox,0.208,1.737,snr5/d09-order.wav,snr5,5.0,5.61,conveyor-belt+robot-motors
d09,d,continuous,order,robot three stop now,stop,,chatterbox,0.208,1.737,snr0/d09-order.wav,snr0,0.0,-0.08,conveyor-belt
d09,d,continuous,order,robot three stop now,stop,,chatterbox,0.208,1.737,snrm5/d09-order.wav,snrm5,-5.0,-4.05,conveyor-belt+robot-motors
d10,d,continuous,order,robot three go forward,forward,,chatterbox,0.273,2.097,clean/d10-order.wav,clean,,,
d10,d,continuous,order,robot three go forward,forward,,chatterbox,0.273,2.097,snr30/d10-order.wav,snr30,30.0,31.69,sorting-centre+robot-motors
d10,d,continuous,order,robot three go forward,forward,,chatterbox,0.273,2.097,snr20/d10-order.wav,snr20,20.0,24.66,factory-impacts
d10,d,continuous,order,robot three go forward,forward,,chatterbox,0.273,2.097,snr10/d10-order.wav,snr10,10.0,13.04,factory-impacts+robot-motors
d10,d,continuous,order,robot three go forward,forward,,chatterbox,0.273,2.097,snr5/d10-order.wav,snr5,5.0,7.95,workshop-hall+robot-motors
d10,d,continuous,order,robot three go forward,forward,,chatterbox,0.273,2.097,snr0/d10-order.wav,snr0,0.0,-0.19,conveyor-belt
d10,d,continuous,order,robot three go forward,forward,,chatterbox,0.273,2.097,snrm5/d10-order.wav,snrm5,-5.0,-4.11,conveyor-belt+robot-motors
d11,d,continuous,order,robot three left,turn_left,,chatterbox,0.524,2.032,clean/d11-order.wav,clean,,,
d11,d,continuous,order,robot three left,turn_left,,chatterbox,0.524,2.032,snr30/d11-order.wav,snr30,30.0,33.49,factory-impacts+robot-motors
d11,d,continuous,order,robot three left,turn_left,,chatterbox,0.524,2.032,snr20/d11-order.wav,snr20,20.0,19.17,conveyor-belt
d11,d,continuous,order,robot three left,turn_left,,chatterbox,0.524,2.032,snr10/d11-order.wav,snr10,10.0,11.76,sorting-centre
d11,d,continuous,order,robot three left,turn_left,,chatterbox,0.524,2.032,snr5/d11-order.wav,snr5,5.0,4.56,conveyor-belt
d11,d,continuous,order,robot three left,turn_left,,chatterbox,0.524,2.032,snr0/d11-order.wav,snr0,0.0,2.38,sorting-centre+robot-motors
d11,d,continuous,order,robot three left,turn_left,,chatterbox,0.524,2.032,snrm5/d11-order.wav,snrm5,-5.0,-3.43,sorting-centre
d12,d,continuous,order,robot three right,turn_right,,chatterbox,0.202,1.699,clean/d12-order.wav,clean,,,
d12,d,continuous,order,robot three right,turn_right,,chatterbox,0.202,1.699,snr30/d12-order.wav,snr30,30.0,33.6,workshop-hall
d12,d,continuous,order,robot three right,turn_right,,chatterbox,0.202,1.699,snr20/d12-order.wav,snr20,20.0,20.09,conveyor-belt
d12,d,continuous,order,robot three right,turn_right,,chatterbox,0.202,1.699,snr10/d12-order.wav,snr10,10.0,12.03,sorting-centre
d12,d,continuous,order,robot three right,turn_right,,chatterbox,0.202,1.699,snr5/d12-order.wav,snr5,5.0,3.66,conveyor-belt
d12,d,continuous,order,robot three right,turn_right,,chatterbox,0.202,1.699,snr0/d12-order.wav,snr0,0.0,0.11,conveyor-belt
d12,d,continuous,order,robot three right,turn_right,,chatterbox,0.202,1.699,snrm5/d12-order.wav,snrm5,-5.0,-3.44,conveyor-belt+robot-motors
d13,d,continuous,order,robot three carry green crate,carry,green crate,chatterbox,0.295,2.801,clean/d13-order.wav,clean,,,
d13,d,continuous,order,robot three carry green crate,carry,green crate,chatterbox,0.295,2.801,snr30/d13-order.wav,snr30,30.0,31.73,sorting-centre
d13,d,continuous,order,robot three carry green crate,carry,green crate,chatterbox,0.295,2.801,snr20/d13-order.wav,snr20,20.0,20.48,conveyor-belt+robot-motors
d13,d,continuous,order,robot three carry green crate,carry,green crate,chatterbox,0.295,2.801,snr10/d13-order.wav,snr10,10.0,13.92,factory-impacts
d13,d,continuous,order,robot three carry green crate,carry,green crate,chatterbox,0.295,2.801,snr5/d13-order.wav,snr5,5.0,6.51,conveyor-belt+robot-motors
d13,d,continuous,order,robot three carry green crate,carry,green crate,chatterbox,0.295,2.801,snr0/d13-order.wav,snr0,0.0,3.87,workshop-hall
d13,d,continuous,order,robot three carry green crate,carry,green crate,chatterbox,0.295,2.801,snrm5/d13-order.wav,snrm5,-5.0,-1.83,sorting-centre+robot-motors
d14,d,continuous,order,robot three make blue pallet,make,blue pallet,chatterbox,0.452,2.571,clean/d14-order.wav,clean,,,
d14,d,continuous,order,robot three make blue pallet,make,blue pallet,chatterbox,0.452,2.571,snr30/d14-order.wav,snr30,30.0,32.07,sorting-centre
d14,d,continuous,order,robot three make blue pallet,make,blue pallet,chatterbox,0.452,2.571,snr20/d14-order.wav,snr20,20.0,20.3,conveyor-belt+robot-motors
d14,d,continuous,order,robot three make blue pallet,make,blue pallet,chatterbox,0.452,2.571,snr10/d14-order.wav,snr10,10.0,14.13,factory-impacts+robot-motors
d14,d,continuous,order,robot three make blue pallet,make,blue pallet,chatterbox,0.452,2.571,snr5/d14-order.wav,snr5,5.0,7.24,sorting-centre+robot-motors
d14,d,continuous,order,robot three make blue pallet,make,blue pallet,chatterbox,0.452,2.571,snr0/d14-order.wav,snr0,0.0,3.81,workshop-hall+robot-motors
d14,d,continuous,order,robot three make blue pallet,make,blue pallet,chatterbox,0.452,2.571,snrm5/d14-order.wav,snrm5,-5.0,-3.57,conveyor-belt+robot-motors
d15,d,continuous,order,robot three why,why,,chatterbox,0.359,1.752,clean/d15-order.wav,clean,,,
d15,d,continuous,order,robot three why,why,,chatterbox,0.359,1.752,snr30/d15-order.wav,snr30,30.0,32.03,sorting-centre+robot-motors
d15,d,continuous,order,robot three why,why,,chatterbox,0.359,1.752,snr20/d15-order.wav,snr20,20.0,22.49,workshop-hall+robot-motors
d15,d,continuous,order,robot three why,why,,chatterbox,0.359,1.752,snr10/d15-order.wav,snr10,10.0,12.41,sorting-centre+robot-motors
d15,d,continuous,order,robot three why,why,,chatterbox,0.359,1.752,snr5/d15-order.wav,snr5,5.0,8.64,workshop-hall+robot-motors
d15,d,continuous,order,robot three why,why,,chatterbox,0.359,1.752,snr0/d15-order.wav,snr0,0.0,1.73,sorting-centre
d15,d,continuous,order,robot three why,why,,chatterbox,0.359,1.752,snrm5/d15-order.wav,snrm5,-5.0,-1.74,workshop-hall
a01,a,continuous,cheerful,robot three forward,forward,,chatterbox,0.416,1.622,clean/a01-cheerful.wav,clean,,,
a01,a,continuous,cheerful,robot three forward,forward,,chatterbox,0.416,1.622,snr30/a01-cheerful.wav,snr30,30.0,31.04,conveyor-belt+robot-motors
a01,a,continuous,cheerful,robot three forward,forward,,chatterbox,0.416,1.622,snr20/a01-cheerful.wav,snr20,20.0,23.19,workshop-hall
a01,a,continuous,cheerful,robot three forward,forward,,chatterbox,0.416,1.622,snr10/a01-cheerful.wav,snr10,10.0,9.09,conveyor-belt
a01,a,continuous,cheerful,robot three forward,forward,,chatterbox,0.416,1.622,snr5/a01-cheerful.wav,snr5,5.0,5.41,conveyor-belt+robot-motors
a01,a,continuous,cheerful,robot three forward,forward,,chatterbox,0.416,1.622,snr0/a01-cheerful.wav,snr0,-0.0,-1.09,conveyor-belt
a01,a,continuous,cheerful,robot three forward,forward,,chatterbox,0.416,1.622,snrm5/a01-cheerful.wav,snrm5,-5.0,-0.71,factory-impacts
a02,a,continuous,cheerful,robot three stop,stop,,chatterbox,0.401,1.852,clean/a02-cheerful.wav,clean,,,
a02,a,continuous,cheerful,robot three stop,stop,,chatterbox,0.401,1.852,snr30/a02-cheerful.wav,snr30,30.0,32.58,sorting-centre+robot-motors
a02,a,continuous,cheerful,robot three stop,stop,,chatterbox,0.401,1.852,snr20/a02-cheerful.wav,snr20,20.0,20.49,conveyor-belt+robot-motors
a02,a,continuous,cheerful,robot three stop,stop,,chatterbox,0.401,1.852,snr10/a02-cheerful.wav,snr10,10.0,13.94,workshop-hall
a02,a,continuous,cheerful,robot three stop,stop,,chatterbox,0.401,1.852,snr5/a02-cheerful.wav,snr5,5.0,8.88,workshop-hall+robot-motors
a02,a,continuous,cheerful,robot three stop,stop,,chatterbox,0.401,1.852,snr0/a02-cheerful.wav,snr0,-0.0,3.87,workshop-hall
a02,a,continuous,cheerful,robot three stop,stop,,chatterbox,0.401,1.852,snrm5/a02-cheerful.wav,snrm5,-5.0,-0.27,factory-impacts
a03,a,continuous,cheerful,robot three turn left,turn_left,,chatterbox,0.487,1.86,clean/a03-cheerful.wav,clean,,,
a03,a,continuous,cheerful,robot three turn left,turn_left,,chatterbox,0.487,1.86,snr30/a03-cheerful.wav,snr30,30.0,32.91,sorting-centre
a03,a,continuous,cheerful,robot three turn left,turn_left,,chatterbox,0.487,1.86,snr20/a03-cheerful.wav,snr20,20.0,24.3,factory-impacts
a03,a,continuous,cheerful,robot three turn left,turn_left,,chatterbox,0.487,1.86,snr10/a03-cheerful.wav,snr10,10.0,14.04,workshop-hall+robot-motors
a03,a,continuous,cheerful,robot three turn left,turn_left,,chatterbox,0.487,1.86,snr5/a03-cheerful.wav,snr5,5.0,9.4,workshop-hall
a03,a,continuous,cheerful,robot three turn left,turn_left,,chatterbox,0.487,1.86,snr0/a03-cheerful.wav,snr0,0.0,2.38,sorting-centre
a03,a,continuous,cheerful,robot three turn left,turn_left,,chatterbox,0.487,1.86,snrm5/a03-cheerful.wav,snrm5,-5.0,-2.31,sorting-centre
a04,a,continuous,cheerful,robot three turn right,turn_right,,chatterbox,0.55,1.857,clean/a04-cheerful.wav,clean,,,
a04,a,continuous,cheerful,robot three turn right,turn_right,,chatterbox,0.55,1.857,snr30/a04-cheerful.wav,snr30,30.0,34.83,workshop-hall+robot-motors
a04,a,continuous,cheerful,robot three turn right,turn_right,,chatterbox,0.55,1.857,snr20/a04-cheerful.wav,snr20,20.0,25.25,workshop-hall
a04,a,continuous,cheerful,robot three turn right,turn_right,,chatterbox,0.55,1.857,snr10/a04-cheerful.wav,snr10,10.0,13.52,sorting-centre
a04,a,continuous,cheerful,robot three turn right,turn_right,,chatterbox,0.55,1.857,snr5/a04-cheerful.wav,snr5,5.0,8.83,sorting-centre+robot-motors
a04,a,continuous,cheerful,robot three turn right,turn_right,,chatterbox,0.55,1.857,snr0/a04-cheerful.wav,snr0,0.0,5.19,workshop-hall
a04,a,continuous,cheerful,robot three turn right,turn_right,,chatterbox,0.55,1.857,snrm5/a04-cheerful.wav,snrm5,-5.0,-0.53,workshop-hall+robot-motors
a05,a,continuous,cheerful,robot three carry blue pallet,carry,blue pallet,chatterbox,0.538,2.752,clean/a05-cheerful.wav,clean,,,
a05,a,continuous,cheerful,robot three carry blue pallet,carry,blue pallet,chatterbox,0.538,2.752,snr30/a05-cheerful.wav,snr30,30.0,33.6,workshop-hall+robot-motors
a05,a,continuous,cheerful,robot three carry blue pallet,carry,blue pallet,chatterbox,0.538,2.752,snr20/a05-cheerful.wav,snr20,20.0,24.46,workshop-hall
a05,a,continuous,cheerful,robot three carry blue pallet,carry,blue pallet,chatterbox,0.538,2.752,snr10/a05-cheerful.wav,snr10,10.0,10.88,conveyor-belt+robot-motors
a05,a,continuous,cheerful,robot three carry blue pallet,carry,blue pallet,chatterbox,0.538,2.752,snr5/a05-cheerful.wav,snr5,5.0,10.05,factory-impacts
a05,a,continuous,cheerful,robot three carry blue pallet,carry,blue pallet,chatterbox,0.538,2.752,snr0/a05-cheerful.wav,snr0,-0.0,1.52,conveyor-belt+robot-motors
a05,a,continuous,cheerful,robot three carry blue pallet,carry,blue pallet,chatterbox,0.538,2.752,snrm5/a05-cheerful.wav,snrm5,-5.0,-0.81,factory-impacts+robot-motors
a06,a,continuous,cheerful,robot three carry red pallet,carry,red pallet,chatterbox,0.321,2.508,clean/a06-cheerful.wav,clean,,,
a06,a,continuous,cheerful,robot three carry red pallet,carry,red pallet,chatterbox,0.321,2.508,snr30/a06-cheerful.wav,snr30,30.0,34.33,factory-impacts+robot-motors
a06,a,continuous,cheerful,robot three carry red pallet,carry,red pallet,chatterbox,0.321,2.508,snr20/a06-cheerful.wav,snr20,20.0,23.66,workshop-hall+robot-motors
a06,a,continuous,cheerful,robot three carry red pallet,carry,red pallet,chatterbox,0.321,2.508,snr10/a06-cheerful.wav,snr10,10.0,9.59,conveyor-belt
a06,a,continuous,cheerful,robot three carry red pallet,carry,red pallet,chatterbox,0.321,2.508,snr5/a06-cheerful.wav,snr5,5.0,4.36,conveyor-belt
a06,a,continuous,cheerful,robot three carry red pallet,carry,red pallet,chatterbox,0.321,2.508,snr0/a06-cheerful.wav,snr0,0.0,4.64,factory-impacts+robot-motors
a06,a,continuous,cheerful,robot three carry red pallet,carry,red pallet,chatterbox,0.321,2.508,snrm5/a06-cheerful.wav,snrm5,-5.0,-4.62,conveyor-belt
a07,a,continuous,cheerful,robot three make green crate,make,green crate,chatterbox,0.3,2.377,clean/a07-cheerful.wav,clean,,,
a07,a,continuous,cheerful,robot three make green crate,make,green crate,chatterbox,0.3,2.377,snr30/a07-cheerful.wav,snr30,30.0,33.06,conveyor-belt+robot-motors
a07,a,continuous,cheerful,robot three make green crate,make,green crate,chatterbox,0.3,2.377,snr20/a07-cheerful.wav,snr20,20.0,25.53,workshop-hall
a07,a,continuous,cheerful,robot three make green crate,make,green crate,chatterbox,0.3,2.377,snr10/a07-cheerful.wav,snr10,10.0,14.7,workshop-hall+robot-motors
a07,a,continuous,cheerful,robot three make green crate,make,green crate,chatterbox,0.3,2.377,snr5/a07-cheerful.wav,snr5,5.0,7.75,conveyor-belt+robot-motors
a07,a,continuous,cheerful,robot three make green crate,make,green crate,chatterbox,0.3,2.377,snr0/a07-cheerful.wav,snr0,0.0,0.89,conveyor-belt
a07,a,continuous,cheerful,robot three make green crate,make,green crate,chatterbox,0.3,2.377,snrm5/a07-cheerful.wav,snrm5,-5.0,-0.98,sorting-centre
a08,a,continuous,cheerful,robot three make grey box,make,grey box,chatterbox,0.511,2.27,clean/a08-cheerful.wav,clean,,,
a08,a,continuous,cheerful,robot three make grey box,make,grey box,chatterbox,0.511,2.27,snr30/a08-cheerful.wav,snr30,30.0,31.96,conveyor-belt+robot-motors
a08,a,continuous,cheerful,robot three make grey box,make,grey box,chatterbox,0.511,2.27,snr20/a08-cheerful.wav,snr20,20.0,24.9,factory-impacts
a08,a,continuous,cheerful,robot three make grey box,make,grey box,chatterbox,0.511,2.27,snr10/a08-cheerful.wav,snr10,10.0,15.22,factory-impacts
a08,a,continuous,cheerful,robot three make grey box,make,grey box,chatterbox,0.511,2.27,snr5/a08-cheerful.wav,snr5,5.0,8.81,sorting-centre+robot-motors
a08,a,continuous,cheerful,robot three make grey box,make,grey box,chatterbox,0.511,2.27,snr0/a08-cheerful.wav,snr0,0.0,4.5,factory-impacts+robot-motors
a08,a,continuous,cheerful,robot three make grey box,make,grey box,chatterbox,0.511,2.27,snrm5/a08-cheerful.wav,snrm5,-5.0,-1.41,workshop-hall+robot-motors
a09,a,continuous,cheerful,robot three stop now,stop,,chatterbox,0.207,1.578,clean/a09-cheerful.wav,clean,,,
a09,a,continuous,cheerful,robot three stop now,stop,,chatterbox,0.207,1.578,snr30/a09-cheerful.wav,snr30,30.0,31.01,conveyor-belt+robot-motors
a09,a,continuous,cheerful,robot three stop now,stop,,chatterbox,0.207,1.578,snr20/a09-cheerful.wav,snr20,20.0,24.59,workshop-hall
a09,a,continuous,cheerful,robot three stop now,stop,,chatterbox,0.207,1.578,snr10/a09-cheerful.wav,snr10,10.0,10.36,conveyor-belt
a09,a,continuous,cheerful,robot three stop now,stop,,chatterbox,0.207,1.578,snr5/a09-cheerful.wav,snr5,5.0,5.93,conveyor-belt+robot-motors
a09,a,continuous,cheerful,robot three stop now,stop,,chatterbox,0.207,1.578,snr0/a09-cheerful.wav,snr0,-0.0,4.46,workshop-hall
a09,a,continuous,cheerful,robot three stop now,stop,,chatterbox,0.207,1.578,snrm5/a09-cheerful.wav,snrm5,-5.0,-2.05,sorting-centre+robot-motors
a10,a,continuous,cheerful,robot three go forward,forward,,chatterbox,0.539,2.077,clean/a10-cheerful.wav,clean,,,
a10,a,continuous,cheerful,robot three go forward,forward,,chatterbox,0.539,2.077,snr30/a10-cheerful.wav,snr30,30.0,28.76,conveyor-belt
a10,a,continuous,cheerful,robot three go forward,forward,,chatterbox,0.539,2.077,snr20/a10-cheerful.wav,snr20,20.0,23.68,workshop-hall
a10,a,continuous,cheerful,robot three go forward,forward,,chatterbox,0.539,2.077,snr10/a10-cheerful.wav,snr10,10.0,12.32,sorting-centre
a10,a,continuous,cheerful,robot three go forward,forward,,chatterbox,0.539,2.077,snr5/a10-cheerful.wav,snr5,5.0,8.69,factory-impacts+robot-motors
a10,a,continuous,cheerful,robot three go forward,forward,,chatterbox,0.539,2.077,snr0/a10-cheerful.wav,snr0,0.0,3.4,factory-impacts+robot-motors
a10,a,continuous,cheerful,robot three go forward,forward,,chatterbox,0.539,2.077,snrm5/a10-cheerful.wav,snrm5,-5.0,-4.43,conveyor-belt+robot-motors
a11,a,continuous,cheerful,robot three left,turn_left,,chatterbox,0.473,1.599,clean/a11-cheerful.wav,clean,,,
a11,a,continuous,cheerful,robot three left,turn_left,,chatterbox,0.473,1.599,snr30/a11-cheerful.wav,snr30,30.0,30.48,conveyor-belt
a11,a,continuous,cheerful,robot three left,turn_left,,chatterbox,0.473,1.599,snr20/a11-cheerful.wav,snr20,20.0,25.25,factory-impacts
a11,a,continuous,cheerful,robot three left,turn_left,,chatterbox,0.473,1.599,snr10/a11-cheerful.wav,snr10,10.0,12.72,sorting-centre+robot-motors
a11,a,continuous,cheerful,robot three left,turn_left,,chatterbox,0.473,1.599,snr5/a11-cheerful.wav,snr5,5.0,8.37,factory-impacts+robot-motors
a11,a,continuous,cheerful,robot three left,turn_left,,chatterbox,0.473,1.599,snr0/a11-cheerful.wav,snr0,0.0,3.14,workshop-hall+robot-motors
a11,a,continuous,cheerful,robot three left,turn_left,,chatterbox,0.473,1.599,snrm5/a11-cheerful.wav,snrm5,-5.0,-2.85,sorting-centre
a12,a,continuous,cheerful,robot three right,turn_right,,chatterbox,0.256,1.384,clean/a12-cheerful.wav,clean,,,
a12,a,continuous,cheerful,robot three right,turn_right,,chatterbox,0.256,1.384,snr30/a12-cheerful.wav,snr30,30.0,32.15,conveyor-belt+robot-motors
a12,a,continuous,cheerful,robot three right,turn_right,,chatterbox,0.256,1.384,snr20/a12-cheerful.wav,snr20,20.0,23.63,sorting-centre+robot-motors
a12,a,continuous,cheerful,robot three right,turn_right,,chatterbox,0.256,1.384,snr10/a12-cheerful.wav,snr10,10.0,14.85,factory-impacts+robot-motors
a12,a,continuous,cheerful,robot three right,turn_right,,chatterbox,0.256,1.384,snr5/a12-cheerful.wav,snr5,5.0,5.73,conveyor-belt
a12,a,continuous,cheerful,robot three right,turn_right,,chatterbox,0.256,1.384,snr0/a12-cheerful.wav,snr0,0.0,4.61,factory-impacts
a12,a,continuous,cheerful,robot three right,turn_right,,chatterbox,0.256,1.384,snrm5/a12-cheerful.wav,snrm5,-5.0,-0.51,factory-impacts+robot-motors
a13,a,continuous,cheerful,robot three carry green crate,carry,green crate,chatterbox,0.351,2.271,clean/a13-cheerful.wav,clean,,,
a13,a,continuous,cheerful,robot three carry green crate,carry,green crate,chatterbox,0.351,2.271,snr30/a13-cheerful.wav,snr30,30.0,31.31,conveyor-belt+robot-motors
a13,a,continuous,cheerful,robot three carry green crate,carry,green crate,chatterbox,0.351,2.271,snr20/a13-cheerful.wav,snr20,20.0,23.02,sorting-centre
a13,a,continuous,cheerful,robot three carry green crate,carry,green crate,chatterbox,0.351,2.271,snr10/a13-cheerful.wav,snr10,10.0,13.41,sorting-centre+robot-motors
a13,a,continuous,cheerful,robot three carry green crate,carry,green crate,chatterbox,0.351,2.271,snr5/a13-cheerful.wav,snr5,5.0,10.52,factory-impacts
a13,a,continuous,cheerful,robot three carry green crate,carry,green crate,chatterbox,0.351,2.271,snr0/a13-cheerful.wav,snr0,0.0,2.5,conveyor-belt+robot-motors
a13,a,continuous,cheerful,robot three carry green crate,carry,green crate,chatterbox,0.351,2.271,snrm5/a13-cheerful.wav,snrm5,-5.0,-0.37,workshop-hall
a14,a,continuous,cheerful,robot three make blue pallet,make,blue pallet,chatterbox,0.529,2.783,clean/a14-cheerful.wav,clean,,,
a14,a,continuous,cheerful,robot three make blue pallet,make,blue pallet,chatterbox,0.529,2.783,snr30/a14-cheerful.wav,snr30,30.0,34.09,factory-impacts+robot-motors
a14,a,continuous,cheerful,robot three make blue pallet,make,blue pallet,chatterbox,0.529,2.783,snr20/a14-cheerful.wav,snr20,20.0,21.34,conveyor-belt+robot-motors
a14,a,continuous,cheerful,robot three make blue pallet,make,blue pallet,chatterbox,0.529,2.783,snr10/a14-cheerful.wav,snr10,10.0,14.34,workshop-hall
a14,a,continuous,cheerful,robot three make blue pallet,make,blue pallet,chatterbox,0.529,2.783,snr5/a14-cheerful.wav,snr5,5.0,8.65,workshop-hall+robot-motors
a14,a,continuous,cheerful,robot three make blue pallet,make,blue pallet,chatterbox,0.529,2.783,snr0/a14-cheerful.wav,snr0,0.0,4.23,factory-impacts+robot-motors
a14,a,continuous,cheerful,robot three make blue pallet,make,blue pallet,chatterbox,0.529,2.783,snrm5/a14-cheerful.wav,snrm5,-5.0,-1.24,workshop-hall+robot-motors
a15,a,continuous,cheerful,robot three why,why,,chatterbox,0.337,1.635,clean/a15-cheerful.wav,clean,,,
a15,a,continuous,cheerful,robot three why,why,,chatterbox,0.337,1.635,snr30/a15-cheerful.wav,snr30,30.0,35.74,factory-impacts
a15,a,continuous,cheerful,robot three why,why,,chatterbox,0.337,1.635,snr20/a15-cheerful.wav,snr20,20.0,21.4,conveyor-belt+robot-motors
a15,a,continuous,cheerful,robot three why,why,,chatterbox,0.337,1.635,snr10/a15-cheerful.wav,snr10,10.0,14.05,workshop-hall+robot-motors
a15,a,continuous,cheerful,robot three why,why,,chatterbox,0.337,1.635,snr5/a15-cheerful.wav,snr5,5.0,9.41,workshop-hall+robot-motors
a15,a,continuous,cheerful,robot three why,why,,chatterbox,0.337,1.635,snr0/a15-cheerful.wav,snr0,0.0,5.76,factory-impacts
a15,a,continuous,cheerful,robot three why,why,,chatterbox,0.337,1.635,snrm5/a15-cheerful.wav,snrm5,-5.0,-0.61,workshop-hall+robot-motors
b01,b,continuous,cheerful,robot three forward,forward,,chatterbox,0.208,1.625,clean/b01-cheerful.wav,clean,,,
b01,b,continuous,cheerful,robot three forward,forward,,chatterbox,0.208,1.625,snr30/b01-cheerful.wav,snr30,30.0,32.34,sorting-centre+robot-motors
b01,b,continuous,cheerful,robot three forward,forward,,chatterbox,0.208,1.625,snr20/b01-cheerful.wav,snr20,20.0,24.42,factory-impacts+robot-motors
b01,b,continuous,cheerful,robot three forward,forward,,chatterbox,0.208,1.625,snr10/b01-cheerful.wav,snr10,10.0,12.32,sorting-centre+robot-motors
b01,b,continuous,cheerful,robot three forward,forward,,chatterbox,0.208,1.625,snr5/b01-cheerful.wav,snr5,5.0,4.51,conveyor-belt
b01,b,continuous,cheerful,robot three forward,forward,,chatterbox,0.208,1.625,snr0/b01-cheerful.wav,snr0,0.0,2.04,sorting-centre
b01,b,continuous,cheerful,robot three forward,forward,,chatterbox,0.208,1.625,snrm5/b01-cheerful.wav,snrm5,-5.0,-2.77,sorting-centre
b02,b,continuous,cheerful,robot three stop,stop,,chatterbox,0.333,2.11,clean/b02-cheerful.wav,clean,,,
b02,b,continuous,cheerful,robot three stop,stop,,chatterbox,0.333,2.11,snr30/b02-cheerful.wav,snr30,30.0,33.78,factory-impacts+robot-motors
b02,b,continuous,cheerful,robot three stop,stop,,chatterbox,0.333,2.11,snr20/b02-cheerful.wav,snr20,20.0,22.17,sorting-centre
b02,b,continuous,cheerful,robot three stop,stop,,chatterbox,0.333,2.11,snr10/b02-cheerful.wav,snr10,10.0,13.22,workshop-hall+robot-motors
b02,b,continuous,cheerful,robot three stop,stop,,chatterbox,0.333,2.11,snr5/b02-cheerful.wav,snr5,5.0,9.93,factory-impacts
b02,b,continuous,cheerful,robot three stop,stop,,chatterbox,0.333,2.11,snr0/b02-cheerful.wav,snr0,0.0,2.68,sorting-centre+robot-motors
b02,b,continuous,cheerful,robot three stop,stop,,chatterbox,0.333,2.11,snrm5/b02-cheerful.wav,snrm5,-5.0,-1.27,workshop-hall
b03,b,continuous,cheerful,robot three turn left,turn_left,,chatterbox,0.535,2.01,clean/b03-cheerful.wav,clean,,,
b03,b,continuous,cheerful,robot three turn left,turn_left,,chatterbox,0.535,2.01,snr30/b03-cheerful.wav,snr30,30.0,32.28,sorting-centre
b03,b,continuous,cheerful,robot three turn left,turn_left,,chatterbox,0.535,2.01,snr20/b03-cheerful.wav,snr20,20.0,24.04,factory-impacts
b03,b,continuous,cheerful,robot three turn left,turn_left,,chatterbox,0.535,2.01,snr10/b03-cheerful.wav,snr10,10.0,14.22,workshop-hall
b03,b,continuous,cheerful,robot three turn left,turn_left,,chatterbox,0.535,2.01,snr5/b03-cheerful.wav,snr5,5.0,4.34,conveyor-belt
b03,b,continuous,cheerful,robot three turn left,turn_left,,chatterbox,0.535,2.01,snr0/b03-cheerful.wav,snr0,-0.0,3.86,workshop-hall+robot-motors
b03,b,continuous,cheerful,robot three turn left,turn_left,,chatterbox,0.535,2.01,snrm5/b03-cheerful.wav,snrm5,-5.0,-1.17,workshop-hall+robot-motors
b04,b,continuous,cheerful,robot three turn right,turn_right,,chatterbox,0.195,1.675,clean/b04-cheerful.wav,clean,,,
b04,b,continuous,cheerful,robot three turn right,turn_right,,chatterbox,0.195,1.675,snr30/b04-cheerful.wav,snr30,30.0,34.29,factory-impacts+robot-motors
b04,b,continuous,cheerful,robot three turn right,turn_right,,chatterbox,0.195,1.675,snr20/b04-cheerful.wav,snr20,20.0,24.26,workshop-hall
b04,b,continuous,cheerful,robot three turn right,turn_right,,chatterbox,0.195,1.675,snr10/b04-cheerful.wav,snr10,10.0,10.04,conveyor-belt
b04,b,continuous,cheerful,robot three turn right,turn_right,,chatterbox,0.195,1.675,snr5/b04-cheerful.wav,snr5,5.0,8.94,workshop-hall+robot-motors
b04,b,continuous,cheerful,robot three turn right,turn_right,,chatterbox,0.195,1.675,snr0/b04-cheerful.wav,snr0,0.0,3.09,sorting-centre+robot-motors
b04,b,continuous,cheerful,robot three turn right,turn_right,,chatterbox,0.195,1.675,snrm5/b04-cheerful.wav,snrm5,-5.0,-2.13,sorting-centre
b05,b,continuous,cheerful,robot three carry blue pallet,carry,blue pallet,chatterbox,0.37,2.706,clean/b05-cheerful.wav,clean,,,
b05,b,continuous,cheerful,robot three carry blue pallet,carry,blue pallet,chatterbox,0.37,2.706,snr30/b05-cheerful.wav,snr30,30.0,34.36,workshop-hall
b05,b,continuous,cheerful,robot three carry blue pallet,carry,blue pallet,chatterbox,0.37,2.706,snr20/b05-cheerful.wav,snr20,20.0,23.16,sorting-centre+robot-motors
b05,b,continuous,cheerful,robot three carry blue pallet,carry,blue pallet,chatterbox,0.37,2.706,snr10/b05-cheerful.wav,snr10,10.0,13.2,sorting-centre+robot-motors
b05,b,continuous,cheerful,robot three carry blue pallet,carry,blue pallet,chatterbox,0.37,2.706,snr5/b05-cheerful.wav,snr5,5.0,8.0,sorting-centre+robot-motors
b05,b,continuous,cheerful,robot three carry blue pallet,carry,blue pallet,chatterbox,0.37,2.706,snr0/b05-cheerful.wav,snr0,0.0,4.0,workshop-hall
b05,b,continuous,cheerful,robot three carry blue pallet,carry,blue pallet,chatterbox,0.37,2.706,snrm5/b05-cheerful.wav,snrm5,-5.0,-1.66,factory-impacts+robot-motors
b06,b,continuous,cheerful,robot three carry red pallet,carry,red pallet,chatterbox,0.364,2.663,clean/b06-cheerful.wav,clean,,,
b06,b,continuous,cheerful,robot three carry red pallet,carry,red pallet,chatterbox,0.364,2.663,snr30/b06-cheerful.wav,snr30,30.0,33.53,workshop-hall
b06,b,continuous,cheerful,robot three carry red pallet,carry,red pallet,chatterbox,0.364,2.663,snr20/b06-cheerful.wav,snr20,20.0,23.58,workshop-hall
b06,b,continuous,cheerful,robot three carry red pallet,carry,red pallet,chatterbox,0.364,2.663,snr10/b06-cheerful.wav,snr10,10.0,10.93,conveyor-belt+robot-motors
b06,b,continuous,cheerful,robot three carry red pallet,carry,red pallet,chatterbox,0.364,2.663,snr5/b06-cheerful.wav,snr5,5.0,8.42,workshop-hall
b06,b,continuous,cheerful,robot three carry red pallet,carry,red pallet,chatterbox,0.364,2.663,snr0/b06-cheerful.wav,snr0,0.0,0.57,conveyor-belt+robot-motors
b06,b,continuous,cheerful,robot three carry red pallet,carry,red pallet,chatterbox,0.364,2.663,snrm5/b06-cheerful.wav,snrm5,-5.0,-2.81,sorting-centre
b07,b,continuous,cheerful,robot three make green crate,make,green crate,chatterbox,0.385,2.508,clean/b07-cheerful.wav,clean,,,
b07,b,continuous,cheerful,robot three make green crate,make,green crate,chatterbox,0.385,2.508,snr30/b07-cheerful.wav,snr30,30.0,33.45,factory-impacts+robot-motors
b07,b,continuous,cheerful,robot three make green crate,make,green crate,chatterbox,0.385,2.508,snr20/b07-cheerful.wav,snr20,20.0,22.5,sorting-centre+robot-motors
b07,b,continuous,cheerful,robot three make green crate,make,green crate,chatterbox,0.385,2.508,snr10/b07-cheerful.wav,snr10,10.0,13.09,workshop-hall+robot-motors
b07,b,continuous,cheerful,robot three make green crate,make,green crate,chatterbox,0.385,2.508,snr5/b07-cheerful.wav,snr5,5.0,4.2,conveyor-belt
b07,b,continuous,cheerful,robot three make green crate,make,green crate,chatterbox,0.385,2.508,snr0/b07-cheerful.wav,snr0,-0.0,3.54,workshop-hall+robot-motors
b07,b,continuous,cheerful,robot three make green crate,make,green crate,chatterbox,0.385,2.508,snrm5/b07-cheerful.wav,snrm5,-5.0,-1.65,sorting-centre+robot-motors
b08,b,continuous,cheerful,robot three make grey box,make,grey box,chatterbox,0.222,2.057,clean/b08-cheerful.wav,clean,,,
b08,b,continuous,cheerful,robot three make grey box,make,grey box,chatterbox,0.222,2.057,snr30/b08-cheerful.wav,snr30,30.0,29.78,conveyor-belt
b08,b,continuous,cheerful,robot three make grey box,make,grey box,chatterbox,0.222,2.057,snr20/b08-cheerful.wav,snr20,20.0,24.29,workshop-hall
b08,b,continuous,cheerful,robot three make grey box,make,grey box,chatterbox,0.222,2.057,snr10/b08-cheerful.wav,snr10,10.0,12.17,sorting-centre
b08,b,continuous,cheerful,robot three make grey box,make,grey box,chatterbox,0.222,2.057,snr5/b08-cheerful.wav,snr5,5.0,8.45,workshop-hall+robot-motors
b08,b,continuous,cheerful,robot three make grey box,make,grey box,chatterbox,0.222,2.057,snr0/b08-cheerful.wav,snr0,-0.0,3.54,workshop-hall+robot-motors
b08,b,continuous,cheerful,robot three make grey box,make,grey box,chatterbox,0.222,2.057,snrm5/b08-cheerful.wav,snrm5,-5.0,-3.42,conveyor-belt+robot-motors
b09,b,continuous,cheerful,robot three stop now,stop,,chatterbox,0.188,1.878,clean/b09-cheerful.wav,clean,,,
b09,b,continuous,cheerful,robot three stop now,stop,,chatterbox,0.188,1.878,snr30/b09-cheerful.wav,snr30,30.0,32.56,sorting-centre
b09,b,continuous,cheerful,robot three stop now,stop,,chatterbox,0.188,1.878,snr20/b09-cheerful.wav,snr20,20.0,20.5,conveyor-belt
b09,b,continuous,cheerful,robot three stop now,stop,,chatterbox,0.188,1.878,snr10/b09-cheerful.wav,snr10,10.0,11.62,conveyor-belt+robot-motors
b09,b,continuous,cheerful,robot three stop now,stop,,chatterbox,0.188,1.878,snr5/b09-cheerful.wav,snr5,5.0,5.97,conveyor-belt
b09,b,continuous,cheerful,robot three stop now,stop,,chatterbox,0.188,1.878,snr0/b09-cheerful.wav,snr0,0.0,0.63,conveyor-belt+robot-motors
b09,b,continuous,cheerful,robot three stop now,stop,,chatterbox,0.188,1.878,snrm5/b09-cheerful.wav,snrm5,-5.0,0.14,factory-impacts
b10,b,continuous,cheerful,robot three go forward,forward,,chatterbox,0.406,2.098,clean/b10-cheerful.wav,clean,,,
b10,b,continuous,cheerful,robot three go forward,forward,,chatterbox,0.406,2.098,snr30/b10-cheerful.wav,snr30,30.0,30.55,conveyor-belt
b10,b,continuous,cheerful,robot three go forward,forward,,chatterbox,0.406,2.098,snr20/b10-cheerful.wav,snr20,20.0,23.74,workshop-hall
b10,b,continuous,cheerful,robot three go forward,forward,,chatterbox,0.406,2.098,snr10/b10-cheerful.wav,snr10,10.0,10.27,conveyor-belt+robot-motors
b10,b,continuous,cheerful,robot three go forward,forward,,chatterbox,0.406,2.098,snr5/b10-cheerful.wav,snr5,5.0,7.0,sorting-centre
b10,b,continuous,cheerful,robot three go forward,forward,,chatterbox,0.406,2.098,snr0/b10-cheerful.wav,snr0,0.0,0.65,conveyor-belt+robot-motors
b10,b,continuous,cheerful,robot three go forward,forward,,chatterbox,0.406,2.098,snrm5/b10-cheerful.wav,snrm5,-5.0,-2.44,sorting-centre+robot-motors
b11,b,continuous,cheerful,robot three left,turn_left,,chatterbox,0.402,1.684,clean/b11-cheerful.wav,clean,,,
b11,b,continuous,cheerful,robot three left,turn_left,,chatterbox,0.402,1.684,snr30/b11-cheerful.wav,snr30,30.0,32.84,workshop-hall+robot-motors
b11,b,continuous,cheerful,robot three left,turn_left,,chatterbox,0.402,1.684,snr20/b11-cheerful.wav,snr20,20.0,19.02,conveyor-belt
b11,b,continuous,cheerful,robot three left,turn_left,,chatterbox,0.402,1.684,snr10/b11-cheerful.wav,snr10,10.0,13.11,workshop-hall+robot-motors
b11,b,continuous,cheerful,robot three left,turn_left,,chatterbox,0.402,1.684,snr5/b11-cheerful.wav,snr5,5.0,7.87,workshop-hall+robot-motors
b11,b,continuous,cheerful,robot three left,turn_left,,chatterbox,0.402,1.684,snr0/b11-cheerful.wav,snr0,-0.0,3.46,workshop-hall+robot-motors
b11,b,continuous,cheerful,robot three left,turn_left,,chatterbox,0.402,1.684,snrm5/b11-cheerful.wav,snrm5,-5.0,-1.37,workshop-hall
b12,b,continuous,cheerful,robot three right,turn_right,,chatterbox,0.376,1.489,clean/b12-cheerful.wav,clean,,,
b12,b,continuous,cheerful,robot three right,turn_right,,chatterbox,0.376,1.489,snr30/b12-cheerful.wav,snr30,30.0,31.27,conveyor-belt+robot-motors
b12,b,continuous,cheerful,robot three right,turn_right,,chatterbox,0.376,1.489,snr20/b12-cheerful.wav,snr20,20.0,19.75,conveyor-belt
b12,b,continuous,cheerful,robot three right,turn_right,,chatterbox,0.376,1.489,snr10/b12-cheerful.wav,snr10,10.0,12.56,sorting-centre+robot-motors
b12,b,continuous,cheerful,robot three right,turn_right,,chatterbox,0.376,1.489,snr5/b12-cheerful.wav,snr5,5.0,5.31,conveyor-belt+robot-motors
b12,b,continuous,cheerful,robot three right,turn_right,,chatterbox,0.376,1.489,snr0/b12-cheerful.wav,snr0,0.0,2.18,sorting-centre
b12,b,continuous,cheerful,robot three right,turn_right,,chatterbox,0.376,1.489,snrm5/b12-cheerful.wav,snrm5,-5.0,-6.27,conveyor-belt
b13,b,continuous,cheerful,robot three carry green crate,carry,green crate,chatterbox,0.224,2.534,clean/b13-cheerful.wav,clean,,,
b13,b,continuous,cheerful,robot three carry green crate,carry,green crate,chatterbox,0.224,2.534,snr30/b13-cheerful.wav,snr30,30.0,35.28,factory-impacts
b13,b,continuous,cheerful,robot three carry green crate,carry,green crate,chatterbox,0.224,2.534,snr20/b13-cheerful.wav,snr20,20.0,23.5,workshop-hall+robot-motors
b13,b,continuous,cheerful,robot three carry green crate,carry,green crate,chatterbox,0.224,2.534,snr10/b13-cheerful.wav,snr10,10.0,14.27,workshop-hall
b13,b,continuous,cheerful,robot three carry green crate,carry,green crate,chatterbox,0.224,2.534,snr5/b13-cheerful.wav,snr5,5.0,5.96,conveyor-belt
b13,b,continuous,cheerful,robot three carry green crate,carry,green crate,chatterbox,0.224,2.534,snr0/b13-cheerful.wav,snr0,0.0,4.05,factory-impacts+robot-motors
b13,b,continuous,cheerful,robot three carry green crate,carry,green crate,chatterbox,0.224,2.534,snrm5/b13-cheerful.wav,snrm5,-5.0,-4.03,conveyor-belt+robot-motors
b14,b,continuous,cheerful,robot three make blue pallet,make,blue pallet,chatterbox,0.336,2.807,clean/b14-cheerful.wav,clean,,,
b14,b,continuous,cheerful,robot three make blue pallet,make,blue pallet,chatterbox,0.336,2.807,snr30/b14-cheerful.wav,snr30,30.0,35.57,factory-impacts
b14,b,continuous,cheerful,robot three make blue pallet,make,blue pallet,chatterbox,0.336,2.807,snr20/b14-cheerful.wav,snr20,20.0,24.19,workshop-hall+robot-motors
b14,b,continuous,cheerful,robot three make blue pallet,make,blue pallet,chatterbox,0.336,2.807,snr10/b14-cheerful.wav,snr10,10.0,12.92,sorting-centre+robot-motors
b14,b,continuous,cheerful,robot three make blue pallet,make,blue pallet,chatterbox,0.336,2.807,snr5/b14-cheerful.wav,snr5,5.0,9.73,factory-impacts+robot-motors
b14,b,continuous,cheerful,robot three make blue pallet,make,blue pallet,chatterbox,0.336,2.807,snr0/b14-cheerful.wav,snr0,-0.0,0.76,conveyor-belt
b14,b,continuous,cheerful,robot three make blue pallet,make,blue pallet,chatterbox,0.336,2.807,snrm5/b14-cheerful.wav,snrm5,-5.0,-1.73,sorting-centre
b15,b,continuous,cheerful,robot three why,why,,chatterbox,0.493,2.023,clean/b15-cheerful.wav,clean,,,
b15,b,continuous,cheerful,robot three why,why,,chatterbox,0.493,2.023,snr30/b15-cheerful.wav,snr30,30.0,30.53,conveyor-belt
b15,b,continuous,cheerful,robot three why,why,,chatterbox,0.493,2.023,snr20/b15-cheerful.wav,snr20,20.0,19.37,conveyor-belt
b15,b,continuous,cheerful,robot three why,why,,chatterbox,0.493,2.023,snr10/b15-cheerful.wav,snr10,10.0,13.58,workshop-hall+robot-motors
b15,b,continuous,cheerful,robot three why,why,,chatterbox,0.493,2.023,snr5/b15-cheerful.wav,snr5,5.0,8.98,workshop-hall
b15,b,continuous,cheerful,robot three why,why,,chatterbox,0.493,2.023,snr0/b15-cheerful.wav,snr0,0.0,2.47,sorting-centre
b15,b,continuous,cheerful,robot three why,why,,chatterbox,0.493,2.023,snrm5/b15-cheerful.wav,snrm5,-5.0,-0.85,workshop-hall
c01,c,continuous,cheerful,robot three forward,forward,,chatterbox,0.432,1.673,clean/c01-cheerful.wav,clean,,,
c01,c,continuous,cheerful,robot three forward,forward,,chatterbox,0.432,1.673,snr30/c01-cheerful.wav,snr30,30.0,36.3,sorting-centre
c01,c,continuous,cheerful,robot three forward,forward,,chatterbox,0.432,1.673,snr20/c01-cheerful.wav,snr20,20.0,28.75,factory-impacts
c01,c,continuous,cheerful,robot three forward,forward,,chatterbox,0.432,1.673,snr10/c01-cheerful.wav,snr10,10.0,19.14,factory-impacts
c01,c,continuous,cheerful,robot three forward,forward,,chatterbox,0.432,1.673,snr5/c01-cheerful.wav,snr5,5.0,14.23,factory-impacts
c01,c,continuous,cheerful,robot three forward,forward,,chatterbox,0.432,1.673,snr0/c01-cheerful.wav,snr0,0.0,7.94,factory-impacts+robot-motors
c01,c,continuous,cheerful,robot three forward,forward,,chatterbox,0.432,1.673,snrm5/c01-cheerful.wav,snrm5,-5.0,3.2,factory-impacts
c02,c,continuous,cheerful,robot three stop,stop,,chatterbox,0.284,1.473,clean/c02-cheerful.wav,clean,,,
c02,c,continuous,cheerful,robot three stop,stop,,chatterbox,0.284,1.473,snr30/c02-cheerful.wav,snr30,30.0,34.88,conveyor-belt+robot-motors
c02,c,continuous,cheerful,robot three stop,stop,,chatterbox,0.284,1.473,snr20/c02-cheerful.wav,snr20,20.0,26.62,sorting-centre
c02,c,continuous,cheerful,robot three stop,stop,,chatterbox,0.284,1.473,snr10/c02-cheerful.wav,snr10,10.0,19.2,factory-impacts
c02,c,continuous,cheerful,robot three stop,stop,,chatterbox,0.284,1.473,snr5/c02-cheerful.wav,snr5,5.0,12.47,workshop-hall+robot-motors
c02,c,continuous,cheerful,robot three stop,stop,,chatterbox,0.284,1.473,snr0/c02-cheerful.wav,snr0,0.0,7.95,factory-impacts+robot-motors
c02,c,continuous,cheerful,robot three stop,stop,,chatterbox,0.284,1.473,snrm5/c02-cheerful.wav,snrm5,-5.0,4.42,factory-impacts
c03,c,continuous,cheerful,robot three turn left,turn_left,,chatterbox,0.486,2.147,clean/c03-cheerful.wav,clean,,,
c03,c,continuous,cheerful,robot three turn left,turn_left,,chatterbox,0.486,2.147,snr30/c03-cheerful.wav,snr30,30.0,36.42,conveyor-belt+robot-motors
c03,c,continuous,cheerful,robot three turn left,turn_left,,chatterbox,0.486,2.147,snr20/c03-cheerful.wav,snr20,20.0,29.6,factory-impacts+robot-motors
c03,c,continuous,cheerful,robot three turn left,turn_left,,chatterbox,0.486,2.147,snr10/c03-cheerful.wav,snr10,10.0,19.34,workshop-hall
c03,c,continuous,cheerful,robot three turn left,turn_left,,chatterbox,0.486,2.147,snr5/c03-cheerful.wav,snr5,5.0,9.89,conveyor-belt
c03,c,continuous,cheerful,robot three turn left,turn_left,,chatterbox,0.486,2.147,snr0/c03-cheerful.wav,snr0,0.0,9.94,factory-impacts+robot-motors
c03,c,continuous,cheerful,robot three turn left,turn_left,,chatterbox,0.486,2.147,snrm5/c03-cheerful.wav,snrm5,-5.0,-0.06,conveyor-belt
c04,c,continuous,cheerful,robot three turn right,turn_right,,chatterbox,0.314,1.755,clean/c04-cheerful.wav,clean,,,
c04,c,continuous,cheerful,robot three turn right,turn_right,,chatterbox,0.314,1.755,snr30/c04-cheerful.wav,snr30,30.0,38.2,workshop-hall
c04,c,continuous,cheerful,robot three turn right,turn_right,,chatterbox,0.314,1.755,snr20/c04-cheerful.wav,snr20,20.0,29.27,factory-impacts
c04,c,continuous,cheerful,robot three turn right,turn_right,,chatterbox,0.314,1.755,snr10/c04-cheerful.wav,snr10,10.0,19.23,factory-impacts
c04,c,continuous,cheerful,robot three turn right,turn_right,,chatterbox,0.314,1.755,snr5/c04-cheerful.wav,snr5,5.0,12.85,factory-impacts+robot-motors
c04,c,continuous,cheerful,robot three turn right,turn_right,,chatterbox,0.314,1.755,snr0/c04-cheerful.wav,snr0,0.0,6.62,sorting-centre
c04,c,continuous,cheerful,robot three turn right,turn_right,,chatterbox,0.314,1.755,snrm5/c04-cheerful.wav,snrm5,-5.0,1.89,sorting-centre+robot-motors
c05,c,continuous,cheerful,robot three carry blue pallet,carry,blue pallet,chatterbox,0.4,2.443,clean/c05-cheerful.wav,clean,,,
c05,c,continuous,cheerful,robot three carry blue pallet,carry,blue pallet,chatterbox,0.4,2.443,snr30/c05-cheerful.wav,snr30,30.0,39.45,workshop-hall
c05,c,continuous,cheerful,robot three carry blue pallet,carry,blue pallet,chatterbox,0.4,2.443,snr20/c05-cheerful.wav,snr20,20.0,28.2,workshop-hall+robot-motors
c05,c,continuous,cheerful,robot three carry blue pallet,carry,blue pallet,chatterbox,0.4,2.443,snr10/c05-cheerful.wav,snr10,10.0,19.23,factory-impacts+robot-motors
c05,c,continuous,cheerful,robot three carry blue pallet,carry,blue pallet,chatterbox,0.4,2.443,snr5/c05-cheerful.wav,snr5,5.0,14.43,factory-impacts+robot-motors
c05,c,continuous,cheerful,robot three carry blue pallet,carry,blue pallet,chatterbox,0.4,2.443,snr0/c05-cheerful.wav,snr0,-0.0,9.96,workshop-hall+robot-motors
c05,c,continuous,cheerful,robot three carry blue pallet,carry,blue pallet,chatterbox,0.4,2.443,snrm5/c05-cheerful.wav,snrm5,-5.0,5.4,factory-impacts
c06,c,continuous,cheerful,robot three carry red pallet,carry,red pallet,chatterbox,0.181,2.351,clean/c06-cheerful.wav,clean,,,
c06,c,continuous,cheerful,robot three carry red pallet,carry,red pallet,chatterbox,0.181,2.351,snr30/c06-cheerful.wav,snr30,30.0,38.74,sorting-centre+robot-motors
c06,c,continuous,cheerful,robot three carry red pallet,carry,red pallet,chatterbox,0.181,2.351,snr20/c06-cheerful.wav,snr20,20.0,30.08,factory-impacts
c06,c,continuous,cheerful,robot three carry red pallet,carry,red pallet,chatterbox,0.181,2.351,snr10/c06-cheerful.wav,snr10,10.0,18.1,factory-impacts+robot-motors
c06,c,continuous,cheerful,robot three carry red pallet,carry,red pallet,chatterbox,0.181,2.351,snr5/c06-cheerful.wav,snr5,5.0,11.25,conveyor-belt+robot-motors
c06,c,continuous,cheerful,robot three carry red pallet,carry,red pallet,chatterbox,0.181,2.351,snr0/c06-cheerful.wav,snr0,-0.0,9.12,factory-impacts+robot-motors
c06,c,continuous,cheerful,robot three carry red pallet,carry,red pallet,chatterbox,0.181,2.351,snrm5/c06-cheerful.wav,snrm5,-5.0,-0.2,conveyor-belt
c07,c,continuous,cheerful,robot three make green crate,make,green crate,chatterbox,0.187,2.0,clean/c07-cheerful.wav,clean,,,
c07,c,continuous,cheerful,robot three make green crate,make,green crate,chatterbox,0.187,2.0,snr30/c07-cheerful.wav,snr30,30.0,38.88,workshop-hall
c07,c,continuous,cheerful,robot three make green crate,make,green crate,chatterbox,0.187,2.0,snr20/c07-cheerful.wav,snr20,20.0,29.3,factory-impacts+robot-motors
c07,c,continuous,cheerful,robot three make green crate,make,green crate,chatterbox,0.187,2.0,snr10/c07-cheerful.wav,snr10,10.0,18.15,workshop-hall+robot-motors
c07,c,continuous,cheerful,robot three make green crate,make,green crate,chatterbox,0.187,2.0,snr5/c07-cheerful.wav,snr5,5.0,12.98,sorting-centre+robot-motors
c07,c,continuous,cheerful,robot three make green crate,make,green crate,chatterbox,0.187,2.0,snr0/c07-cheerful.wav,snr0,-0.0,4.78,conveyor-belt
c07,c,continuous,cheerful,robot three make green crate,make,green crate,chatterbox,0.187,2.0,snrm5/c07-cheerful.wav,snrm5,-5.0,3.34,factory-impacts
c08,c,continuous,cheerful,robot three make grey box,make,grey box,chatterbox,0.419,2.46,clean/c08-cheerful.wav,clean,,,
c08,c,continuous,cheerful,robot three make grey box,make,grey box,chatterbox,0.419,2.46,snr30/c08-cheerful.wav,snr30,30.0,39.05,factory-impacts+robot-motors
c08,c,continuous,cheerful,robot three make grey box,make,grey box,chatterbox,0.419,2.46,snr20/c08-cheerful.wav,snr20,20.0,24.68,conveyor-belt
c08,c,continuous,cheerful,robot three make grey box,make,grey box,chatterbox,0.419,2.46,snr10/c08-cheerful.wav,snr10,10.0,14.96,conveyor-belt
c08,c,continuous,cheerful,robot three make grey box,make,grey box,chatterbox,0.419,2.46,snr5/c08-cheerful.wav,snr5,5.0,13.08,workshop-hall+robot-motors
c08,c,continuous,cheerful,robot three make grey box,make,grey box,chatterbox,0.419,2.46,snr0/c08-cheerful.wav,snr0,0.0,8.69,factory-impacts+robot-motors
c08,c,continuous,cheerful,robot three make grey box,make,grey box,chatterbox,0.419,2.46,snrm5/c08-cheerful.wav,snrm5,-5.0,2.09,sorting-centre+robot-motors
c09,c,continuous,cheerful,robot three stop now,stop,,chatterbox,0.369,2.281,clean/c09-cheerful.wav,clean,,,
c09,c,continuous,cheerful,robot three stop now,stop,,chatterbox,0.369,2.281,snr30/c09-cheerful.wav,snr30,30.0,38.65,workshop-hall
c09,c,continuous,cheerful,robot three stop now,stop,,chatterbox,0.369,2.281,snr20/c09-cheerful.wav,snr20,20.0,27.12,sorting-centre+robot-motors
c09,c,continuous,cheerful,robot three stop now,stop,,chatterbox,0.369,2.281,snr10/c09-cheerful.wav,snr10,10.0,19.62,factory-impacts
c09,c,continuous,cheerful,robot three stop now,stop,,chatterbox,0.369,2.281,snr5/c09-cheerful.wav,snr5,5.0,13.64,workshop-hall
c09,c,continuous,cheerful,robot three stop now,stop,,chatterbox,0.369,2.281,snr0/c09-cheerful.wav,snr0,0.0,9.6,factory-impacts
c09,c,continuous,cheerful,robot three stop now,stop,,chatterbox,0.369,2.281,snrm5/c09-cheerful.wav,snrm5,-5.0,4.51,factory-impacts
c10,c,continuous,cheerful,robot three go forward,forward,,chatterbox,0.495,2.084,clean/c10-cheerful.wav,clean,,,
c10,c,continuous,cheerful,robot three go forward,forward,,chatterbox,0.495,2.084,snr30/c10-cheerful.wav,snr30,30.0,34.12,conveyor-belt+robot-motors
c10,c,continuous,cheerful,robot three go forward,forward,,chatterbox,0.495,2.084,snr20/c10-cheerful.wav,snr20,20.0,22.45,conveyor-belt
c10,c,continuous,cheerful,robot three go forward,forward,,chatterbox,0.495,2.084,snr10/c10-cheerful.wav,snr10,10.0,17.2,workshop-hall
c10,c,continuous,cheerful,robot three go forward,forward,,chatterbox,0.495,2.084,snr5/c10-cheerful.wav,snr5,5.0,10.34,sorting-centre
c10,c,continuous,cheerful,robot three go forward,forward,,chatterbox,0.495,2.084,snr0/c10-cheerful.wav,snr0,0.0,5.54,sorting-centre
c10,c,continuous,cheerful,robot three go forward,forward,,chatterbox,0.495,2.084,snrm5/c10-cheerful.wav,snrm5,-5.0,3.07,factory-impacts
c11,c,continuous,cheerful,robot three left,turn_left,,chatterbox,0.502,2.106,clean/c11-cheerful.wav,clean,,,
c11,c,continuous,cheerful,robot three left,turn_left,,chatterbox,0.502,2.106,snr30/c11-cheerful.wav,snr30,30.0,40.01,factory-impacts
c11,c,continuous,cheerful,robot three left,turn_left,,chatterbox,0.502,2.106,snr20/c11-cheerful.wav,snr20,20.0,25.01,conveyor-belt
c11,c,continuous,cheerful,robot three left,turn_left,,chatterbox,0.502,2.106,snr10/c11-cheerful.wav,snr10,10.0,18.88,workshop-hall
c11,c,continuous,cheerful,robot three left,turn_left,,chatterbox,0.502,2.106,snr5/c11-cheerful.wav,snr5,5.0,12.26,sorting-centre
c11,c,continuous,cheerful,robot three left,turn_left,,chatterbox,0.502,2.106,snr0/c11-cheerful.wav,snr0,-0.0,5.33,conveyor-belt
c11,c,continuous,cheerful,robot three left,turn_left,,chatterbox,0.502,2.106,snrm5/c11-cheerful.wav,snrm5,-5.0,3.74,workshop-hall+robot-motors
c12,c,continuous,cheerful,robot three right,turn_right,,chatterbox,0.382,1.665,clean/c12-cheerful.wav,clean,,,
c12,c,continuous,cheerful,robot three right,turn_right,,chatterbox,0.382,1.665,snr30/c12-cheerful.wav,snr30,30.0,38.24,workshop-hall
c12,c,continuous,cheerful,robot three right,turn_right,,chatterbox,0.382,1.665,snr20/c12-cheerful.wav,snr20,20.0,26.52,sorting-centre
c12,c,continuous,cheerful,robot three right,turn_right,,chatterbox,0.382,1.665,snr10/c12-cheerful.wav,snr10,10.0,15.48,conveyor-belt+robot-motors
c12,c,continuous,cheerful,robot three right,turn_right,,chatterbox,0.382,1.665,snr5/c12-cheerful.wav,snr5,5.0,9.2,conveyor-belt+robot-motors
c12,c,continuous,cheerful,robot three right,turn_right,,chatterbox,0.382,1.665,snr0/c12-cheerful.wav,snr0,0.0,4.3,conveyor-belt
c12,c,continuous,cheerful,robot three right,turn_right,,chatterbox,0.382,1.665,snrm5/c12-cheerful.wav,snrm5,-5.0,1.38,sorting-centre
c13,c,continuous,cheerful,robot three carry green crate,carry,green crate,chatterbox,0.537,2.663,clean/c13-cheerful.wav,clean,,,
c13,c,continuous,cheerful,robot three carry green crate,carry,green crate,chatterbox,0.537,2.663,snr30/c13-cheerful.wav,snr30,30.0,37.54,sorting-centre+robot-motors
c13,c,continuous,cheerful,robot three carry green crate,carry,green crate,chatterbox,0.537,2.663,snr20/c13-cheerful.wav,snr20,20.0,28.92,factory-impacts+robot-motors
c13,c,continuous,cheerful,robot three carry green crate,carry,green crate,chatterbox,0.537,2.663,snr10/c13-cheerful.wav,snr10,10.0,18.58,factory-impacts+robot-motors
c13,c,continuous,cheerful,robot three carry green crate,carry,green crate,chatterbox,0.537,2.663,snr5/c13-cheerful.wav,snr5,5.0,9.08,conveyor-belt
c13,c,continuous,cheerful,robot three carry green crate,carry,green crate,chatterbox,0.537,2.663,snr0/c13-cheerful.wav,snr0,-0.0,8.94,factory-impacts+robot-motors
c13,c,continuous,cheerful,robot three carry green crate,carry,green crate,chatterbox,0.537,2.663,snrm5/c13-cheerful.wav,snrm5,-5.0,2.38,sorting-centre
c14,c,continuous,cheerful,robot three make blue pallet,make,blue pallet,chatterbox,0.545,2.146,clean/c14-cheerful.wav,clean,,,
c14,c,continuous,cheerful,robot three make blue pallet,make,blue pallet,chatterbox,0.545,2.146,snr30/c14-cheerful.wav,snr30,30.0,38.41,sorting-centre+robot-motors
c14,c,continuous,cheerful,robot three make blue pallet,make,blue pallet,chatterbox,0.545,2.146,snr20/c14-cheerful.wav,snr20,20.0,27.53,sorting-centre+robot-motors
c14,c,continuous,cheerful,robot three make blue pallet,make,blue pallet,chatterbox,0.545,2.146,snr10/c14-cheerful.wav,snr10,10.0,16.37,conveyor-belt
c14,c,continuous,cheerful,robot three make blue pallet,make,blue pallet,chatterbox,0.545,2.146,snr5/c14-cheerful.wav,snr5,5.0,10.48,conveyor-belt
c14,c,continuous,cheerful,robot three make blue pallet,make,blue pallet,chatterbox,0.545,2.146,snr0/c14-cheerful.wav,snr0,0.0,8.62,sorting-centre+robot-motors
c14,c,continuous,cheerful,robot three make blue pallet,make,blue pallet,chatterbox,0.545,2.146,snrm5/c14-cheerful.wav,snrm5,-5.0,4.77,workshop-hall
c15,c,continuous,cheerful,robot three why,why,,chatterbox,0.371,1.971,clean/c15-cheerful.wav,clean,,,
c15,c,continuous,cheerful,robot three why,why,,chatterbox,0.371,1.971,snr30/c15-cheerful.wav,snr30,30.0,35.79,sorting-centre+robot-motors
c15,c,continuous,cheerful,robot three why,why,,chatterbox,0.371,1.971,snr20/c15-cheerful.wav,snr20,20.0,22.83,conveyor-belt
c15,c,continuous,cheerful,robot three why,why,,chatterbox,0.371,1.971,snr10/c15-cheerful.wav,snr10,10.0,16.49,workshop-hall+robot-motors
c15,c,continuous,cheerful,robot three why,why,,chatterbox,0.371,1.971,snr5/c15-cheerful.wav,snr5,5.0,11.72,factory-impacts+robot-motors
c15,c,continuous,cheerful,robot three why,why,,chatterbox,0.371,1.971,snr0/c15-cheerful.wav,snr0,0.0,5.77,sorting-centre
c15,c,continuous,cheerful,robot three why,why,,chatterbox,0.371,1.971,snrm5/c15-cheerful.wav,snrm5,-5.0,1.33,sorting-centre+robot-motors
d01,d,continuous,cheerful,robot three forward,forward,,chatterbox,0.499,1.869,clean/d01-cheerful.wav,clean,,,
d01,d,continuous,cheerful,robot three forward,forward,,chatterbox,0.499,1.869,snr30/d01-cheerful.wav,snr30,30.0,34.44,factory-impacts
d01,d,continuous,cheerful,robot three forward,forward,,chatterbox,0.499,1.869,snr20/d01-cheerful.wav,snr20,20.0,19.5,conveyor-belt
d01,d,continuous,cheerful,robot three forward,forward,,chatterbox,0.499,1.869,snr10/d01-cheerful.wav,snr10,10.0,12.03,sorting-centre+robot-motors
d01,d,continuous,cheerful,robot three forward,forward,,chatterbox,0.499,1.869,snr5/d01-cheerful.wav,snr5,5.0,9.21,workshop-hall+robot-motors
d01,d,continuous,cheerful,robot three forward,forward,,chatterbox,0.499,1.869,snr0/d01-cheerful.wav,snr0,0.0,2.08,sorting-centre
d01,d,continuous,cheerful,robot three forward,forward,,chatterbox,0.499,1.869,snrm5/d01-cheerful.wav,snrm5,-5.0,-3.81,conveyor-belt+robot-motors
d02,d,continuous,cheerful,robot three stop,stop,,chatterbox,0.16,1.769,clean/d02-cheerful.wav,clean,,,
d02,d,continuous,cheerful,robot three stop,stop,,chatterbox,0.16,1.769,snr30/d02-cheerful.wav,snr30,30.0,32.2,workshop-hall+robot-motors
d02,d,continuous,cheerful,robot three stop,stop,,chatterbox,0.16,1.769,snr20/d02-cheerful.wav,snr20,20.0,23.12,factory-impacts+robot-motors
d02,d,continuous,cheerful,robot three stop,stop,,chatterbox,0.16,1.769,snr10/d02-cheerful.wav,snr10,10.0,12.35,workshop-hall+robot-motors
d02,d,continuous,cheerful,robot three stop,stop,,chatterbox,0.16,1.769,snr5/d02-cheerful.wav,snr5,5.0,6.99,sorting-centre+robot-motors
d02,d,continuous,cheerful,robot three stop,stop,,chatterbox,0.16,1.769,snr0/d02-cheerful.wav,snr0,-0.0,3.09,workshop-hall
d02,d,continuous,cheerful,robot three stop,stop,,chatterbox,0.16,1.769,snrm5/d02-cheerful.wav,snrm5,-5.0,-3.82,sorting-centre
d03,d,continuous,cheerful,robot three turn left,turn_left,,chatterbox,0.27,1.801,clean/d03-cheerful.wav,clean,,,
d03,d,continuous,cheerful,robot three turn left,turn_left,,chatterbox,0.27,1.801,snr30/d03-cheerful.wav,snr30,30.0,32.23,sorting-centre+robot-motors
d03,d,continuous,cheerful,robot three turn left,turn_left,,chatterbox,0.27,1.801,snr20/d03-cheerful.wav,snr20,20.0,20.82,conveyor-belt+robot-motors
d03,d,continuous,cheerful,robot three turn left,turn_left,,chatterbox,0.27,1.801,snr10/d03-cheerful.wav,snr10,10.0,10.13,conveyor-belt
d03,d,continuous,cheerful,robot three turn left,turn_left,,chatterbox,0.27,1.801,snr5/d03-cheerful.wav,snr5,5.0,5.09,conveyor-belt
d03,d,continuous,cheerful,robot three turn left,turn_left,,chatterbox,0.27,1.801,snr0/d03-cheerful.wav,snr0,0.0,2.97,workshop-hall+robot-motors
d03,d,continuous,cheerful,robot three turn left,turn_left,,chatterbox,0.27,1.801,snrm5/d03-cheerful.wav,snrm5,-5.0,-5.24,conveyor-belt
d04,d,continuous,cheerful,robot three turn right,turn_right,,chatterbox,0.273,1.884,clean/d04-cheerful.wav,clean,,,
d04,d,continuous,cheerful,robot three turn right,turn_right,,chatterbox,0.273,1.884,snr30/d04-cheerful.wav,snr30,30.0,34.85,workshop-hall
d04,d,continuous,cheerful,robot three turn right,turn_right,,chatterbox,0.273,1.884,snr20/d04-cheerful.wav,snr20,20.0,24.33,factory-impacts+robot-motors
d04,d,continuous,cheerful,robot three turn right,turn_right,,chatterbox,0.273,1.884,snr10/d04-cheerful.wav,snr10,10.0,13.64,sorting-centre+robot-motors
d04,d,continuous,cheerful,robot three turn right,turn_right,,chatterbox,0.273,1.884,snr5/d04-cheerful.wav,snr5,5.0,9.79,workshop-hall
d04,d,continuous,cheerful,robot three turn right,turn_right,,chatterbox,0.273,1.884,snr0/d04-cheerful.wav,snr0,-0.0,2.75,conveyor-belt+robot-motors
d04,d,continuous,cheerful,robot three turn right,turn_right,,chatterbox,0.273,1.884,snrm5/d04-cheerful.wav,snrm5,-5.0,-1.88,sorting-centre
d05,d,continuous,cheerful,robot three carry blue pallet,carry,blue pallet,chatterbox,0.216,2.452,clean/d05-cheerful.wav,clean,,,
d05,d,continuous,cheerful,robot three carry blue pallet,carry,blue pallet,chatterbox,0.216,2.452,snr30/d05-cheerful.wav,snr30,30.0,29.62,conveyor-belt
d05,d,continuous,cheerful,robot three carry blue pallet,carry,blue pallet,chatterbox,0.216,2.452,snr20/d05-cheerful.wav,snr20,20.0,22.41,sorting-centre+robot-motors
d05,d,continuous,cheerful,robot three carry blue pallet,carry,blue pallet,chatterbox,0.216,2.452,snr10/d05-cheerful.wav,snr10,10.0,14.41,factory-impacts
d05,d,continuous,cheerful,robot three carry blue pallet,carry,blue pallet,chatterbox,0.216,2.452,snr5/d05-cheerful.wav,snr5,5.0,6.93,sorting-centre
d05,d,continuous,cheerful,robot three carry blue pallet,carry,blue pallet,chatterbox,0.216,2.452,snr0/d05-cheerful.wav,snr0,0.0,1.77,conveyor-belt+robot-motors
d05,d,continuous,cheerful,robot three carry blue pallet,carry,blue pallet,chatterbox,0.216,2.452,snrm5/d05-cheerful.wav,snrm5,-5.0,-1.84,workshop-hall+robot-motors
d06,d,continuous,cheerful,robot three carry red pallet,carry,red pallet,chatterbox,0.257,2.721,clean/d06-cheerful.wav,clean,,,
d06,d,continuous,cheerful,robot three carry red pallet,carry,red pallet,chatterbox,0.257,2.721,snr30/d06-cheerful.wav,snr30,30.0,33.2,workshop-hall+robot-motors
d06,d,continuous,cheerful,robot three carry red pallet,carry,red pallet,chatterbox,0.257,2.721,snr20/d06-cheerful.wav,snr20,20.0,21.65,sorting-centre
d06,d,continuous,cheerful,robot three carry red pallet,carry,red pallet,chatterbox,0.257,2.721,snr10/d06-cheerful.wav,snr10,10.0,13.08,workshop-hall+robot-motors
d06,d,continuous,cheerful,robot three carry red pallet,carry,red pallet,chatterbox,0.257,2.721,snr5/d06-cheerful.wav,snr5,5.0,7.74,sorting-centre+robot-motors
d06,d,continuous,cheerful,robot three carry red pallet,carry,red pallet,chatterbox,0.257,2.721,snr0/d06-cheerful.wav,snr0,-0.0,3.36,workshop-hall
d06,d,continuous,cheerful,robot three carry red pallet,carry,red pallet,chatterbox,0.257,2.721,snrm5/d06-cheerful.wav,snrm5,-5.0,-3.12,sorting-centre
d07,d,continuous,cheerful,robot three make green crate,make,green crate,chatterbox,0.48,2.724,clean/d07-cheerful.wav,clean,,,
d07,d,continuous,cheerful,robot three make green crate,make,green crate,chatterbox,0.48,2.724,snr30/d07-cheerful.wav,snr30,30.0,33.94,workshop-hall
d07,d,continuous,cheerful,robot three make green crate,make,green crate,chatterbox,0.48,2.724,snr20/d07-cheerful.wav,snr20,20.0,22.97,sorting-centre+robot-motors
d07,d,continuous,cheerful,robot three make green crate,make,green crate,chatterbox,0.48,2.724,snr10/d07-cheerful.wav,snr10,10.0,13.23,sorting-centre+robot-motors
d07,d,continuous,cheerful,robot three make green crate,make,green crate,chatterbox,0.48,2.724,snr5/d07-cheerful.wav,snr5,5.0,7.66,sorting-centre
d07,d,continuous,cheerful,robot three make green crate,make,green crate,chatterbox,0.48,2.724,snr0/d07-cheerful.wav,snr0,0.0,3.93,factory-impacts+robot-motors
d07,d,continuous,cheerful,robot three make green crate,make,green crate,chatterbox,0.48,2.724,snrm5/d07-cheerful.wav,snrm5,-5.0,-3.69,conveyor-belt+robot-motors
d08,d,continuous,cheerful,robot three make grey box,make,grey box,chatterbox,0.419,2.728,clean/d08-cheerful.wav,clean,,,
d08,d,continuous,cheerful,robot three make grey box,make,grey box,chatterbox,0.419,2.728,snr30/d08-cheerful.wav,snr30,30.0,34.61,factory-impacts
d08,d,continuous,cheerful,robot three make grey box,make,grey box,chatterbox,0.419,2.728,snr20/d08-cheerful.wav,snr20,20.0,19.46,conveyor-belt
d08,d,continuous,cheerful,robot three make grey box,make,grey box,chatterbox,0.419,2.728,snr10/d08-cheerful.wav,snr10,10.0,13.17,workshop-hall+robot-motors
d08,d,continuous,cheerful,robot three make grey box,make,grey box,chatterbox,0.419,2.728,snr5/d08-cheerful.wav,snr5,5.0,7.04,sorting-centre
d08,d,continuous,cheerful,robot three make grey box,make,grey box,chatterbox,0.419,2.728,snr0/d08-cheerful.wav,snr0,-0.0,0.98,conveyor-belt+robot-motors
d08,d,continuous,cheerful,robot three make grey box,make,grey box,chatterbox,0.419,2.728,snrm5/d08-cheerful.wav,snrm5,-5.0,-0.6,factory-impacts
d09,d,continuous,cheerful,robot three stop now,stop,,chatterbox,0.469,2.419,clean/d09-cheerful.wav,clean,,,
d09,d,continuous,cheerful,robot three stop now,stop,,chatterbox,0.469,2.419,snr30/d09-cheerful.wav,snr30,30.0,29.42,conveyor-belt
d09,d,continuous,cheerful,robot three stop now,stop,,chatterbox,0.469,2.419,snr20/d09-cheerful.wav,snr20,20.0,24.28,factory-impacts
d09,d,continuous,cheerful,robot three stop now,stop,,chatterbox,0.469,2.419,snr10/d09-cheerful.wav,snr10,10.0,11.74,sorting-centre
d09,d,continuous,cheerful,robot three stop now,stop,,chatterbox,0.469,2.419,snr5/d09-cheerful.wav,snr5,5.0,6.91,sorting-centre+robot-motors
d09,d,continuous,cheerful,robot three stop now,stop,,chatterbox,0.469,2.419,snr0/d09-cheerful.wav,snr0,0.0,2.91,workshop-hall+robot-motors
d09,d,continuous,cheerful,robot three stop now,stop,,chatterbox,0.469,2.419,snrm5/d09-cheerful.wav,snrm5,-5.0,-5.17,conveyor-belt
d10,d,continuous,cheerful,robot three go forward,forward,,chatterbox,0.365,1.972,clean/d10-cheerful.wav,clean,,,
d10,d,continuous,cheerful,robot three go forward,forward,,chatterbox,0.365,1.972,snr30/d10-cheerful.wav,snr30,30.0,31.03,conveyor-belt+robot-motors
d10,d,continuous,cheerful,robot three go forward,forward,,chatterbox,0.365,1.972,snr20/d10-cheerful.wav,snr20,20.0,21.4,sorting-centre
d10,d,continuous,cheerful,robot three go forward,forward,,chatterbox,0.365,1.972,snr10/d10-cheerful.wav,snr10,10.0,12.43,factory-impacts+robot-motors
d10,d,continuous,cheerful,robot three go forward,forward,,chatterbox,0.365,1.972,snr5/d10-cheerful.wav,snr5,5.0,7.65,workshop-hall+robot-motors
d10,d,continuous,cheerful,robot three go forward,forward,,chatterbox,0.365,1.972,snr0/d10-cheerful.wav,snr0,0.0,3.74,workshop-hall+robot-motors
d10,d,continuous,cheerful,robot three go forward,forward,,chatterbox,0.365,1.972,snrm5/d10-cheerful.wav,snrm5,-5.0,-2.32,workshop-hall+robot-motors
d11,d,continuous,cheerful,robot three left,turn_left,,chatterbox,0.397,2.038,clean/d11-cheerful.wav,clean,,,
d11,d,continuous,cheerful,robot three left,turn_left,,chatterbox,0.397,2.038,snr30/d11-cheerful.wav,snr30,30.0,33.09,workshop-hall
d11,d,continuous,cheerful,robot three left,turn_left,,chatterbox,0.397,2.038,snr20/d11-cheerful.wav,snr20,20.0,22.08,sorting-centre+robot-motors
d11,d,continuous,cheerful,robot three left,turn_left,,chatterbox,0.397,2.038,snr10/d11-cheerful.wav,snr10,10.0,12.38,sorting-centre+robot-motors
d11,d,continuous,cheerful,robot three left,turn_left,,chatterbox,0.397,2.038,snr5/d11-cheerful.wav,snr5,5.0,8.08,workshop-hall+robot-motors
d11,d,continuous,cheerful,robot three left,turn_left,,chatterbox,0.397,2.038,snr0/d11-cheerful.wav,snr0,0.0,4.11,factory-impacts+robot-motors
d11,d,continuous,cheerful,robot three left,turn_left,,chatterbox,0.397,2.038,snrm5/d11-cheerful.wav,snrm5,-5.0,-4.64,conveyor-belt+robot-motors
d12,d,continuous,cheerful,robot three right,turn_right,,chatterbox,0.438,1.803,clean/d12-cheerful.wav,clean,,,
d12,d,continuous,cheerful,robot three right,turn_right,,chatterbox,0.438,1.803,snr30/d12-cheerful.wav,snr30,30.0,31.58,sorting-centre
d12,d,continuous,cheerful,robot three right,turn_right,,chatterbox,0.438,1.803,snr20/d12-cheerful.wav,snr20,20.0,22.47,factory-impacts+robot-motors
d12,d,continuous,cheerful,robot three right,turn_right,,chatterbox,0.438,1.803,snr10/d12-cheerful.wav,snr10,10.0,11.08,sorting-centre+robot-motors
d12,d,continuous,cheerful,robot three right,turn_right,,chatterbox,0.438,1.803,snr5/d12-cheerful.wav,snr5,5.0,5.49,conveyor-belt+robot-motors
d12,d,continuous,cheerful,robot three right,turn_right,,chatterbox,0.438,1.803,snr0/d12-cheerful.wav,snr0,0.0,2.33,workshop-hall+robot-motors
d12,d,continuous,cheerful,robot three right,turn_right,,chatterbox,0.438,1.803,snrm5/d12-cheerful.wav,snrm5,-5.0,-4.41,conveyor-belt+robot-motors
d13,d,continuous,cheerful,robot three carry green crate,carry,green crate,chatterbox,0.521,2.778,clean/d13-cheerful.wav,clean,,,
d13,d,continuous,cheerful,robot three carry green crate,carry,green crate,chatterbox,0.521,2.778,snr30/d13-cheerful.wav,snr30,30.0,31.96,sorting-centre+robot-motors
d13,d,continuous,cheerful,robot three carry green crate,carry,green crate,chatterbox,0.521,2.778,snr20/d13-cheerful.wav,snr20,20.0,24.66,factory-impacts
d13,d,continuous,cheerful,robot three carry green crate,carry,green crate,chatterbox,0.521,2.778,snr10/d13-cheerful.wav,snr10,10.0,10.67,conveyor-belt+robot-motors
d13,d,continuous,cheerful,robot three carry green crate,carry,green crate,chatterbox,0.521,2.778,snr5/d13-cheerful.wav,snr5,5.0,4.94,conveyor-belt
d13,d,continuous,cheerful,robot three carry green crate,carry,green crate,chatterbox,0.521,2.778,snr0/d13-cheerful.wav,snr0,0.0,3.48,factory-impacts+robot-motors
d13,d,continuous,cheerful,robot three carry green crate,carry,green crate,chatterbox,0.521,2.778,snrm5/d13-cheerful.wav,snrm5,-5.0,-0.5,factory-impacts
d14,d,continuous,cheerful,robot three make blue pallet,make,blue pallet,chatterbox,0.475,3.135,clean/d14-cheerful.wav,clean,,,
d14,d,continuous,cheerful,robot three make blue pallet,make,blue pallet,chatterbox,0.475,3.135,snr30/d14-cheerful.wav,snr30,30.0,31.92,sorting-centre+robot-motors
d14,d,continuous,cheerful,robot three make blue pallet,make,blue pallet,chatterbox,0.475,3.135,snr20/d14-cheerful.wav,snr20,20.0,23.56,workshop-hall
d14,d,continuous,cheerful,robot three make blue pallet,make,blue pallet,chatterbox,0.475,3.135,snr10/d14-cheerful.wav,snr10,10.0,13.22,workshop-hall+robot-motors
d14,d,continuous,cheerful,robot three make blue pallet,make,blue pallet,chatterbox,0.475,3.135,snr5/d14-cheerful.wav,snr5,5.0,8.77,factory-impacts+robot-motors
d14,d,continuous,cheerful,robot three make blue pallet,make,blue pallet,chatterbox,0.475,3.135,snr0/d14-cheerful.wav,snr0,0.0,1.81,sorting-centre
d14,d,continuous,cheerful,robot three make blue pallet,make,blue pallet,chatterbox,0.475,3.135,snrm5/d14-cheerful.wav,snrm5,-5.0,-2.5,sorting-centre+robot-motors
d15,d,continuous,cheerful,robot three why,why,,chatterbox,0.422,2.002,clean/d15-cheerful.wav,clean,,,
d15,d,continuous,cheerful,robot three why,why,,chatterbox,0.422,2.002,snr30/d15-cheerful.wav,snr30,30.0,33.91,factory-impacts+robot-motors
d15,d,continuous,cheerful,robot three why,why,,chatterbox,0.422,2.002,snr20/d15-cheerful.wav,snr20,20.0,24.38,factory-impacts
d15,d,continuous,cheerful,robot three why,why,,chatterbox,0.422,2.002,snr10/d15-cheerful.wav,snr10,10.0,12.39,sorting-centre+robot-motors
d15,d,continuous,cheerful,robot three why,why,,chatterbox,0.422,2.002,snr5/d15-cheerful.wav,snr5,5.0,7.2,sorting-centre+robot-motors
d15,d,continuous,cheerful,robot three why,why,,chatterbox,0.422,2.002,snr0/d15-cheerful.wav,snr0,0.0,-0.64,conveyor-belt
d15,d,continuous,cheerful,robot three why,why,,chatterbox,0.422,2.002,snrm5/d15-cheerful.wav,snrm5,-5.0,-1.63,factory-impacts
a01,a,continuous,alarmed,robot three forward,forward,,chatterbox,0.452,1.952,clean/a01-alarmed.wav,clean,,,
a01,a,continuous,alarmed,robot three forward,forward,,chatterbox,0.452,1.952,snr30/a01-alarmed.wav,snr30,30.0,30.0,conveyor-belt+robot-motors
a01,a,continuous,alarmed,robot three forward,forward,,chatterbox,0.452,1.952,snr20/a01-alarmed.wav,snr20,20.0,22.89,workshop-hall
a01,a,continuous,alarmed,robot three forward,forward,,chatterbox,0.452,1.952,snr10/a01-alarmed.wav,snr10,10.0,9.99,conveyor-belt+robot-motors
a01,a,continuous,alarmed,robot three forward,forward,,chatterbox,0.452,1.952,snr5/a01-alarmed.wav,snr5,5.0,6.99,sorting-centre+robot-motors
a01,a,continuous,alarmed,robot three forward,forward,,chatterbox,0.452,1.952,snr0/a01-alarmed.wav,snr0,-0.0,-0.2,conveyor-belt+robot-motors
a01,a,continuous,alarmed,robot three forward,forward,,chatterbox,0.452,1.952,snrm5/a01-alarmed.wav,snrm5,-5.0,-1.97,factory-impacts+robot-motors
a02,a,continuous,alarmed,robot three stop,stop,,chatterbox,0.328,1.537,clean/a02-alarmed.wav,clean,,,
a02,a,continuous,alarmed,robot three stop,stop,,chatterbox,0.328,1.537,snr30/a02-alarmed.wav,snr30,30.0,31.75,sorting-centre+robot-motors
a02,a,continuous,alarmed,robot three stop,stop,,chatterbox,0.328,1.537,snr20/a02-alarmed.wav,snr20,20.0,24.15,factory-impacts
a02,a,continuous,alarmed,robot three stop,stop,,chatterbox,0.328,1.537,snr10/a02-alarmed.wav,snr10,10.0,13.62,factory-impacts
a02,a,continuous,alarmed,robot three stop,stop,,chatterbox,0.328,1.537,snr5/a02-alarmed.wav,snr5,5.0,8.08,workshop-hall
a02,a,continuous,alarmed,robot three stop,stop,,chatterbox,0.328,1.537,snr0/a02-alarmed.wav,snr0,0.0,1.42,sorting-centre+robot-motors
a02,a,continuous,alarmed,robot three stop,stop,,chatterbox,0.328,1.537,snrm5/a02-alarmed.wav,snrm5,-5.0,-1.69,factory-impacts
a03,a,continuous,alarmed,robot three turn left,turn_left,,chatterbox,0.487,1.97,clean/a03-alarmed.wav,clean,,,
a03,a,continuous,alarmed,robot three turn left,turn_left,,chatterbox,0.487,1.97,snr30/a03-alarmed.wav,snr30,30.0,34.8,factory-impacts
a03,a,continuous,alarmed,robot three turn left,turn_left,,chatterbox,0.487,1.97,snr20/a03-alarmed.wav,snr20,20.0,23.67,factory-impacts+robot-motors
a03,a,continuous,alarmed,robot three turn left,turn_left,,chatterbox,0.487,1.97,snr10/a03-alarmed.wav,snr10,10.0,13.15,workshop-hall+robot-motors
a03,a,continuous,alarmed,robot three turn left,turn_left,,chatterbox,0.487,1.97,snr5/a03-alarmed.wav,snr5,5.0,8.39,sorting-centre+robot-motors
a03,a,continuous,alarmed,robot three turn left,turn_left,,chatterbox,0.487,1.97,snr0/a03-alarmed.wav,snr0,-0.0,1.02,conveyor-belt+robot-motors
a03,a,continuous,alarmed,robot three turn left,turn_left,,chatterbox,0.487,1.97,snrm5/a03-alarmed.wav,snrm5,-5.0,-5.01,conveyor-belt
a04,a,continuous,alarmed,robot three turn right,turn_right,,chatterbox,0.489,2.064,clean/a04-alarmed.wav,clean,,,
a04,a,continuous,alarmed,robot three turn right,turn_right,,chatterbox,0.489,2.064,snr30/a04-alarmed.wav,snr30,30.0,33.04,factory-impacts+robot-motors
a04,a,continuous,alarmed,robot three turn right,turn_right,,chatterbox,0.489,2.064,snr20/a04-alarmed.wav,snr20,20.0,17.82,conveyor-belt
a04,a,continuous,alarmed,robot three turn right,turn_right,,chatterbox,0.489,2.064,snr10/a04-alarmed.wav,snr10,10.0,12.54,workshop-hall+robot-motors
a04,a,continuous,alarmed,robot three turn right,turn_right,,chatterbox,0.489,2.064,snr5/a04-alarmed.wav,snr5,5.0,6.52,sorting-centre+robot-motors
a04,a,continuous,alarmed,robot three turn right,turn_right,,chatterbox,0.489,2.064,snr0/a04-alarmed.wav,snr0,0.0,0.38,conveyor-belt+robot-motors
a04,a,continuous,alarmed,robot three turn right,turn_right,,chatterbox,0.489,2.064,snrm5/a04-alarmed.wav,snrm5,-5.0,-2.07,workshop-hall
a05,a,continuous,alarmed,robot three carry blue pallet,carry,blue pallet,chatterbox,0.241,2.422,clean/a05-alarmed.wav,clean,,,
a05,a,continuous,alarmed,robot three carry blue pallet,carry,blue pallet,chatterbox,0.241,2.422,snr30/a05-alarmed.wav,snr30,30.0,33.99,factory-impacts
a05,a,continuous,alarmed,robot three carry blue pallet,carry,blue pallet,chatterbox,0.241,2.422,snr20/a05-alarmed.wav,snr20,20.0,18.76,conveyor-belt
a05,a,continuous,alarmed,robot three carry blue pallet,carry,blue pallet,chatterbox,0.241,2.422,snr10/a05-alarmed.wav,snr10,10.0,13.2,factory-impacts
a05,a,continuous,alarmed,robot three carry blue pallet,carry,blue pallet,chatterbox,0.241,2.422,snr5/a05-alarmed.wav,snr5,5.0,5.11,conveyor-belt+robot-motors
a05,a,continuous,alarmed,robot three carry blue pallet,carry,blue pallet,chatterbox,0.241,2.422,snr0/a05-alarmed.wav,snr0,0.0,1.15,sorting-centre+robot-motors
a05,a,continuous,alarmed,robot three carry blue pallet,carry,blue pallet,chatterbox,0.241,2.422,snrm5/a05-alarmed.wav,snrm5,-5.0,-2.77,workshop-hall+robot-motors
a06,a,continuous,alarmed,robot three carry red pallet,carry,red pallet,chatterbox,0.357,2.361,clean/a06-alarmed.wav,clean,,,
a06,a,continuous,alarmed,robot three carry red pallet,carry,red pallet,chatterbox,0.357,2.361,snr30/a06-alarmed.wav,snr30,30.0,34.11,factory-impacts
a06,a,continuous,alarmed,robot three carry red pallet,carry,red pallet,chatterbox,0.357,2.361,snr20/a06-alarmed.wav,snr20,20.0,23.75,factory-impacts
a06,a,continuous,alarmed,robot three carry red pallet,carry,red pallet,chatterbox,0.357,2.361,snr10/a06-alarmed.wav,snr10,10.0,12.83,workshop-hall
a06,a,continuous,alarmed,robot three carry red pallet,carry,red pallet,chatterbox,0.357,2.361,snr5/a06-alarmed.wav,snr5,5.0,7.59,workshop-hall+robot-motors
a06,a,continuous,alarmed,robot three carry red pallet,carry,red pallet,chatterbox,0.357,2.361,snr0/a06-alarmed.wav,snr0,0.0,2.62,workshop-hall+robot-motors
a06,a,continuous,alarmed,robot three carry red pallet,carry,red pallet,chatterbox,0.357,2.361,snrm5/a06-alarmed.wav,snrm5,-5.0,-3.92,conveyor-belt+robot-motors
a07,a,continuous,alarmed,robot three make green crate,make,green crate,chatterbox,0.442,2.097,clean/a07-alarmed.wav,clean,,,
a07,a,continuous,alarmed,robot three make green crate,make,green crate,chatterbox,0.442,2.097,snr30/a07-alarmed.wav,snr30,30.0,35.5,factory-impacts
a07,a,continuous,alarmed,robot three make green crate,make,green crate,chatterbox,0.442,2.097,snr20/a07-alarmed.wav,snr20,20.0,22.74,sorting-centre
a07,a,continuous,alarmed,robot three make green crate,make,green crate,chatterbox,0.442,2.097,snr10/a07-alarmed.wav,snr10,10.0,14.09,sorting-centre+robot-motors
a07,a,continuous,alarmed,robot three make green crate,make,green crate,chatterbox,0.442,2.097,snr5/a07-alarmed.wav,snr5,5.0,9.56,workshop-hall
a07,a,continuous,alarmed,robot three make green crate,make,green crate,chatterbox,0.442,2.097,snr0/a07-alarmed.wav,snr0,0.0,5.55,factory-impacts
a07,a,continuous,alarmed,robot three make green crate,make,green crate,chatterbox,0.442,2.097,snrm5/a07-alarmed.wav,snrm5,-5.0,-0.56,factory-impacts
a08,a,continuous,alarmed,robot three make grey box,make,grey box,chatterbox,0.172,1.968,clean/a08-alarmed.wav,clean,,,
a08,a,continuous,alarmed,robot three make grey box,make,grey box,chatterbox,0.172,1.968,snr30/a08-alarmed.wav,snr30,30.0,34.28,factory-impacts
a08,a,continuous,alarmed,robot three make grey box,make,grey box,chatterbox,0.172,1.968,snr20/a08-alarmed.wav,snr20,20.0,20.9,conveyor-belt+robot-motors
a08,a,continuous,alarmed,robot three make grey box,make,grey box,chatterbox,0.172,1.968,snr10/a08-alarmed.wav,snr10,10.0,13.19,workshop-hall
a08,a,continuous,alarmed,robot three make grey box,make,grey box,chatterbox,0.172,1.968,snr5/a08-alarmed.wav,snr5,5.0,8.02,workshop-hall
a08,a,continuous,alarmed,robot three make grey box,make,grey box,chatterbox,0.172,1.968,snr0/a08-alarmed.wav,snr0,0.0,0.21,conveyor-belt+robot-motors
a08,a,continuous,alarmed,robot three make grey box,make,grey box,chatterbox,0.172,1.968,snrm5/a08-alarmed.wav,snrm5,-5.0,-1.59,workshop-hall
a09,a,continuous,alarmed,robot three stop now,stop,,chatterbox,0.188,1.791,clean/a09-alarmed.wav,clean,,,
a09,a,continuous,alarmed,robot three stop now,stop,,chatterbox,0.188,1.791,snr30/a09-alarmed.wav,snr30,30.0,31.21,sorting-centre+robot-motors
a09,a,continuous,alarmed,robot three stop now,stop,,chatterbox,0.188,1.791,snr20/a09-alarmed.wav,snr20,20.0,18.35,conveyor-belt
a09,a,continuous,alarmed,robot three stop now,stop,,chatterbox,0.188,1.791,snr10/a09-alarmed.wav,snr10,10.0,8.55,conveyor-belt
a09,a,continuous,alarmed,robot three stop now,stop,,chatterbox,0.188,1.791,snr5/a09-alarmed.wav,snr5,5.0,8.23,workshop-hall
a09,a,continuous,alarmed,robot three stop now,stop,,chatterbox,0.188,1.791,snr0/a09-alarmed.wav,snr0,0.0,-0.33,conveyor-belt
a09,a,continuous,alarmed,robot three stop now,stop,,chatterbox,0.188,1.791,snrm5/a09-alarmed.wav,snrm5,-5.0,-5.57,conveyor-belt
a10,a,continuous,alarmed,robot three go forward,forward,,chatterbox,0.234,1.762,clean/a10-alarmed.wav,clean,,,
a10,a,continuous,alarmed,robot three go forward,forward,,chatterbox,0.234,1.762,snr30/a10-alarmed.wav,snr30,30.0,28.75,conveyor-belt
a10,a,continuous,alarmed,robot three go forward,forward,,chatterbox,0.234,1.762,snr20/a10-alarmed.wav,snr20,20.0,21.36,sorting-centre
a10,a,continuous,alarmed,robot three go forward,forward,,chatterbox,0.234,1.762,snr10/a10-alarmed.wav,snr10,10.0,13.07,workshop-hall
a10,a,continuous,alarmed,robot three go forward,forward,,chatterbox,0.234,1.762,snr5/a10-alarmed.wav,snr5,5.0,8.9,factory-impacts
a10,a,continuous,alarmed,robot three go forward,forward,,chatterbox,0.234,1.762,snr0/a10-alarmed.wav,snr0,0.0,-1.24,conveyor-belt
a10,a,continuous,alarmed,robot three go forward,forward,,chatterbox,0.234,1.762,snrm5/a10-alarmed.wav,snrm5,-5.0,-6.41,conveyor-belt
a11,a,continuous,alarmed,robot three left,turn_left,,chatterbox,0.225,1.665,clean/a11-alarmed.wav,clean,,,
a11,a,continuous,alarmed,robot three left,turn_left,,chatterbox,0.225,1.665,snr30/a11-alarmed.wav,snr30,30.0,33.09,factory-impacts+robot-motors
a11,a,continuous,alarmed,robot three left,turn_left,,chatterbox,0.225,1.665,snr20/a11-alarmed.wav,snr20,20.0,23.98,factory-impacts
a11,a,continuous,alarmed,robot three left,turn_left,,chatterbox,0.225,1.665,snr10/a11-alarmed.wav,snr10,10.0,9.47,conveyor-belt
a11,a,continuous,alarmed,robot three left,turn_left,,chatterbox,0.225,1.665,snr5/a11-alarmed.wav,snr5,5.0,6.91,sorting-centre+robot-motors
a11,a,continuous,alarmed,robot three left,turn_left,,chatterbox,0.225,1.665,snr0/a11-alarmed.wav,snr0,0.0,0.42,conveyor-belt+robot-motors
a11,a,continuous,alarmed,robot three left,turn_left,,chatterbox,0.225,1.665,snrm5/a11-alarmed.wav,snrm5,-5.0,-2.49,workshop-hall+robot-motors
a12,a,continuous,alarmed,robot three right,turn_right,,chatterbox,0.36,1.564,clean/a12-alarmed.wav,clean,,,
a12,a,continuous,alarmed,robot three right,turn_right,,chatterbox,0.36,1.564,snr30/a12-alarmed.wav,snr30,30.0,32.12,sorting-centre+robot-motors
a12,a,continuous,alarmed,robot three right,turn_right,,chatterbox,0.36,1.564,snr20/a12-alarmed.wav,snr20,20.0,23.42,factory-impacts+robot-motors
a12,a,continuous,alarmed,robot three right,turn_right,,chatterbox,0.36,1.564,snr10/a12-alarmed.wav,snr10,10.0,13.23,workshop-hall+robot-motors
a12,a,continuous,alarmed,robot three right,turn_right,,chatterbox,0.36,1.564,snr5/a12-alarmed.wav,snr5,5.0,5.67,conveyor-belt+robot-motors
a12,a,continuous,alarmed,robot three right,turn_right,,chatterbox,0.36,1.564,snr0/a12-alarmed.wav,snr0,0.0,2.65,workshop-hall+robot-motors
a12,a,continuous,alarmed,robot three right,turn_right,,chatterbox,0.36,1.564,snrm5/a12-alarmed.wav,snrm5,-5.0,-2.38,sorting-centre+robot-motors
a13,a,continuous,alarmed,robot three carry green crate,carry,green crate,chatterbox,0.4,2.606,clean/a13-alarmed.wav,clean,,,
a13,a,continuous,alarmed,robot three carry green crate,carry,green crate,chatterbox,0.4,2.606,snr30/a13-alarmed.wav,snr30,30.0,29.57,conveyor-belt
a13,a,continuous,alarmed,robot three carry green crate,carry,green crate,chatterbox,0.4,2.606,snr20/a13-alarmed.wav,snr20,20.0,24.49,factory-impacts+robot-motors
a13,a,continuous,alarmed,robot three carry green crate,carry,green crate,chatterbox,0.4,2.606,snr10/a13-alarmed.wav,snr10,10.0,15.29,factory-impacts
a13,a,continuous,alarmed,robot three carry green crate,carry,green crate,chatterbox,0.4,2.606,snr5/a13-alarmed.wav,snr5,5.0,7.52,sorting-centre+robot-motors
a13,a,continuous,alarmed,robot three carry green crate,carry,green crate,chatterbox,0.4,2.606,snr0/a13-alarmed.wav,snr0,-0.0,3.57,workshop-hall+robot-motors
a13,a,continuous,alarmed,robot three carry green crate,carry,green crate,chatterbox,0.4,2.606,snrm5/a13-alarmed.wav,snrm5,-5.0,-2.42,sorting-centre
a14,a,continuous,alarmed,robot three make blue pallet,make,blue pallet,chatterbox,0.521,2.589,clean/a14-alarmed.wav,clean,,,
a14,a,continuous,alarmed,robot three make blue pallet,make,blue pallet,chatterbox,0.521,2.589,snr30/a14-alarmed.wav,snr30,30.0,33.58,workshop-hall+robot-motors
a14,a,continuous,alarmed,robot three make blue pallet,make,blue pallet,chatterbox,0.521,2.589,snr20/a14-alarmed.wav,snr20,20.0,24.2,factory-impacts
a14,a,continuous,alarmed,robot three make blue pallet,make,blue pallet,chatterbox,0.521,2.589,snr10/a14-alarmed.wav,snr10,10.0,12.14,sorting-centre+robot-motors
a14,a,continuous,alarmed,robot three make blue pallet,make,blue pallet,chatterbox,0.521,2.589,snr5/a14-alarmed.wav,snr5,5.0,7.54,sorting-centre+robot-motors
a14,a,continuous,alarmed,robot three make blue pallet,make,blue pallet,chatterbox,0.521,2.589,snr0/a14-alarmed.wav,snr0,0.0,2.61,workshop-hall+robot-motors
a14,a,continuous,alarmed,robot three make blue pallet,make,blue pallet,chatterbox,0.521,2.589,snrm5/a14-alarmed.wav,snrm5,-5.0,-3.83,conveyor-belt+robot-motors
a15,a,continuous,alarmed,robot three why,why,,chatterbox,0.231,1.907,clean/a15-alarmed.wav,clean,,,
a15,a,continuous,alarmed,robot three why,why,,chatterbox,0.231,1.907,snr30/a15-alarmed.wav,snr30,30.0,33.91,factory-impacts
a15,a,continuous,alarmed,robot three why,why,,chatterbox,0.231,1.907,snr20/a15-alarmed.wav,snr20,20.0,20.91,sorting-centre
a15,a,continuous,alarmed,robot three why,why,,chatterbox,0.231,1.907,snr10/a15-alarmed.wav,snr10,10.0,8.77,conveyor-belt
a15,a,continuous,alarmed,robot three why,why,,chatterbox,0.231,1.907,snr5/a15-alarmed.wav,snr5,5.0,7.91,workshop-hall
a15,a,continuous,alarmed,robot three why,why,,chatterbox,0.231,1.907,snr0/a15-alarmed.wav,snr0,0.0,1.76,sorting-centre+robot-motors
a15,a,continuous,alarmed,robot three why,why,,chatterbox,0.231,1.907,snrm5/a15-alarmed.wav,snrm5,-5.0,-0.89,factory-impacts
b01,b,continuous,alarmed,robot three forward,forward,,chatterbox,0.484,1.915,clean/b01-alarmed.wav,clean,,,
b01,b,continuous,alarmed,robot three forward,forward,,chatterbox,0.484,1.915,snr30/b01-alarmed.wav,snr30,30.0,30.22,conveyor-belt+robot-motors
b01,b,continuous,alarmed,robot three forward,forward,,chatterbox,0.484,1.915,snr20/b01-alarmed.wav,snr20,20.0,19.23,conveyor-belt
b01,b,continuous,alarmed,robot three forward,forward,,chatterbox,0.484,1.915,snr10/b01-alarmed.wav,snr10,10.0,8.34,conveyor-belt
b01,b,continuous,alarmed,robot three forward,forward,,chatterbox,0.484,1.915,snr5/b01-alarmed.wav,snr5,5.0,4.55,conveyor-belt
b01,b,continuous,alarmed,robot three forward,forward,,chatterbox,0.484,1.915,snr0/b01-alarmed.wav,snr0,0.0,3.19,workshop-hall
b01,b,continuous,alarmed,robot three forward,forward,,chatterbox,0.484,1.915,snrm5/b01-alarmed.wav,snrm5,-5.0,-6.41,conveyor-belt
b02,b,continuous,alarmed,robot three stop,stop,,chatterbox,0.23,1.375,clean/b02-alarmed.wav,clean,,,
b02,b,continuous,alarmed,robot three stop,stop,,chatterbox,0.23,1.375,snr30/b02-alarmed.wav,snr30,30.0,32.08,workshop-hall+robot-motors
b02,b,continuous,alarmed,robot three stop,stop,,chatterbox,0.23,1.375,snr20/b02-alarmed.wav,snr20,20.0,24.2,factory-impacts
b02,b,continuous,alarmed,robot three stop,stop,,chatterbox,0.23,1.375,snr10/b02-alarmed.wav,snr10,10.0,9.77,conveyor-belt
b02,b,continuous,alarmed,robot three stop,stop,,chatterbox,0.23,1.375,snr5/b02-alarmed.wav,snr5,5.0,7.59,workshop-hall+robot-motors
b02,b,continuous,alarmed,robot three stop,stop,,chatterbox,0.23,1.375,snr0/b02-alarmed.wav,snr0,-0.0,2.9,factory-impacts+robot-motors
b02,b,continuous,alarmed,robot three stop,stop,,chatterbox,0.23,1.375,snrm5/b02-alarmed.wav,snrm5,-5.0,-1.79,factory-impacts+robot-motors
b03,b,continuous,alarmed,robot three turn left,turn_left,,chatterbox,0.43,2.245,clean/b03-alarmed.wav,clean,,,
b03,b,continuous,alarmed,robot three turn left,turn_left,,chatterbox,0.43,2.245,snr30/b03-alarmed.wav,snr30,30.0,32.93,workshop-hall
b03,b,continuous,alarmed,robot three turn left,turn_left,,chatterbox,0.43,2.245,snr20/b03-alarmed.wav,snr20,20.0,21.99,factory-impacts+robot-motors
b03,b,continuous,alarmed,robot three turn left,turn_left,,chatterbox,0.43,2.245,snr10/b03-alarmed.wav,snr10,10.0,12.61,factory-impacts
b03,b,continuous,alarmed,robot three turn left,turn_left,,chatterbox,0.43,2.245,snr5/b03-alarmed.wav,snr5,5.0,4.32,conveyor-belt+robot-motors
b03,b,continuous,alarmed,robot three turn left,turn_left,,chatterbox,0.43,2.245,snr0/b03-alarmed.wav,snr0,0.0,2.82,workshop-hall+robot-motors
b03,b,continuous,alarmed,robot three turn left,turn_left,,chatterbox,0.43,2.245,snrm5/b03-alarmed.wav,snrm5,-5.0,-3.32,sorting-centre+robot-motors
b04,b,continuous,alarmed,robot three turn right,turn_right,,chatterbox,0.279,1.859,clean/b04-alarmed.wav,clean,,,
b04,b,continuous,alarmed,robot three turn right,turn_right,,chatterbox,0.279,1.859,snr30/b04-alarmed.wav,snr30,30.0,33.04,workshop-hall
b04,b,continuous,alarmed,robot three turn right,turn_right,,chatterbox,0.279,1.859,snr20/b04-alarmed.wav,snr20,20.0,18.83,conveyor-belt
b04,b,continuous,alarmed,robot three turn right,turn_right,,chatterbox,0.279,1.859,snr10/b04-alarmed.wav,snr10,10.0,14.26,factory-impacts
b04,b,continuous,alarmed,robot three turn right,turn_right,,chatterbox,0.279,1.859,snr5/b04-alarmed.wav,snr5,5.0,8.54,factory-impacts+robot-motors
b04,b,continuous,alarmed,robot three turn right,turn_right,,chatterbox,0.279,1.859,snr0/b04-alarmed.wav,snr0,0.0,1.53,sorting-centre
b04,b,continuous,alarmed,robot three turn right,turn_right,,chatterbox,0.279,1.859,snrm5/b04-alarmed.wav,snrm5,-5.0,-1.62,factory-impacts+robot-motors
b05,b,continuous,alarmed,robot three carry blue pallet,carry,blue pallet,chatterbox,0.436,2.581,clean/b05-alarmed.wav,clean,,,
b05,b,continuous,alarmed,robot three carry blue pallet,carry,blue pallet,chatterbox,0.436,2.581,snr30/b05-alarmed.wav,snr30,30.0,33.36,workshop-hall
b05,b,continuous,alarmed,robot three carry blue pallet,carry,blue pallet,chatterbox,0.436,2.581,snr20/b05-alarmed.wav,snr20,20.0,21.74,sorting-centre
b05,b,continuous,alarmed,robot three carry blue pallet,carry,blue pallet,chatterbox,0.436,2.581,snr10/b05-alarmed.wav,snr10,10.0,12.53,workshop-hall+robot-motors
b05,b,continuous,alarmed,robot three carry blue pallet,carry,blue pallet,chatterbox,0.436,2.581,snr5/b05-alarmed.wav,snr5,5.0,7.19,sorting-centre+robot-motors
b05,b,continuous,alarmed,robot three carry blue pallet,carry,blue pallet,chatterbox,0.436,2.581,snr0/b05-alarmed.wav,snr0,-0.0,-0.18,conveyor-belt
b05,b,continuous,alarmed,robot three carry blue pallet,carry,blue pallet,chatterbox,0.436,2.581,snrm5/b05-alarmed.wav,snrm5,-5.0,-1.96,workshop-hall
b06,b,continuous,alarmed,robot three carry red pallet,carry,red pallet,chatterbox,0.412,2.413,clean/b06-alarmed.wav,clean,,,
b06,b,continuous,alarmed,robot three carry red pallet,carry,red pallet,chatterbox,0.412,2.413,snr30/b06-alarmed.wav,snr30,30.0,32.09,sorting-centre
b06,b,continuous,alarmed,robot three carry red pallet,carry,red pallet,chatterbox,0.412,2.413,snr20/b06-alarmed.wav,snr20,20.0,23.71,workshop-hall
b06,b,continuous,alarmed,robot three carry red pallet,carry,red pallet,chatterbox,0.412,2.413,snr10/b06-alarmed.wav,snr10,10.0,12.8,workshop-hall+robot-motors
b06,b,continuous,alarmed,robot three carry red pallet,carry,red pallet,chatterbox,0.412,2.413,snr5/b06-alarmed.wav,snr5,5.0,9.57,factory-impacts
b06,b,continuous,alarmed,robot three carry red pallet,carry,red pallet,chatterbox,0.412,2.413,snr0/b06-alarmed.wav,snr0,0.0,3.43,factory-impacts
b06,b,continuous,alarmed,robot three carry red pallet,carry,red pallet,chatterbox,0.412,2.413,snrm5/b06-alarmed.wav,snrm5,-5.0,-1.22,workshop-hall
b07,b,continuous,alarmed,robot three make green crate,make,green crate,chatterbox,0.522,3.215,clean/b07-alarmed.wav,clean,,,
b07,b,continuous,alarmed,robot three make green crate,make,green crate,chatterbox,0.522,3.215,snr30/b07-alarmed.wav,snr30,30.0,34.15,factory-impacts
b07,b,continuous,alarmed,robot three make green crate,make,green crate,chatterbox,0.522,3.215,snr20/b07-alarmed.wav,snr20,20.0,23.02,factory-impacts+robot-motors
b07,b,continuous,alarmed,robot three make green crate,make,green crate,chatterbox,0.522,3.215,snr10/b07-alarmed.wav,snr10,10.0,12.74,factory-impacts+robot-motors
b07,b,continuous,alarmed,robot three make green crate,make,green crate,chatterbox,0.522,3.215,snr5/b07-alarmed.wav,snr5,5.0,3.83,conveyor-belt
b07,b,continuous,alarmed,robot three make green crate,make,green crate,chatterbox,0.522,3.215,snr0/b07-alarmed.wav,snr0,0.0,-1.49,conveyor-belt
b07,b,continuous,alarmed,robot three make green crate,make,green crate,chatterbox,0.522,3.215,snrm5/b07-alarmed.wav,snrm5,-5.0,-2.02,factory-impacts
b08,b,continuous,alarmed,robot three make grey box,make,grey box,chatterbox,0.5,2.743,clean/b08-alarmed.wav,clean,,,
b08,b,continuous,alarmed,robot three make grey box,make,grey box,chatterbox,0.5,2.743,snr30/b08-alarmed.wav,snr30,30.0,32.97,workshop-hall+robot-motors
b08,b,continuous,alarmed,robot three make grey box,make,grey box,chatterbox,0.5,2.743,snr20/b08-alarmed.wav,snr20,20.0,19.62,conveyor-belt
b08,b,continuous,alarmed,robot three make grey box,make,grey box,chatterbox,0.5,2.743,snr10/b08-alarmed.wav,snr10,10.0,13.09,factory-impacts+robot-motors
b08,b,continuous,alarmed,robot three make grey box,make,grey box,chatterbox,0.5,2.743,snr5/b08-alarmed.wav,snr5,5.0,8.63,factory-impacts+robot-motors
b08,b,continuous,alarmed,robot three make grey box,make,grey box,chatterbox,0.5,2.743,snr0/b08-alarmed.wav,snr0,0.0,3.03,workshop-hall
b08,b,continuous,alarmed,robot three make grey box,make,grey box,chatterbox,0.5,2.743,snrm5/b08-alarmed.wav,snrm5,-5.0,-2.68,workshop-hall+robot-motors
b09,b,continuous,alarmed,robot three stop now,stop,,chatterbox,0.312,2.383,clean/b09-alarmed.wav,clean,,,
b09,b,continuous,alarmed,robot three stop now,stop,,chatterbox,0.312,2.383,snr30/b09-alarmed.wav,snr30,30.0,29.98,conveyor-belt+robot-motors
b09,b,continuous,alarmed,robot three stop now,stop,,chatterbox,0.312,2.383,snr20/b09-alarmed.wav,snr20,20.0,21.82,sorting-centre+robot-motors
b09,b,continuous,alarmed,robot three stop now,stop,,chatterbox,0.312,2.383,snr10/b09-alarmed.wav,snr10,10.0,13.76,factory-impacts
b09,b,continuous,alarmed,robot three stop now,stop,,chatterbox,0.312,2.383,snr5/b09-alarmed.wav,snr5,5.0,6.64,sorting-centre+robot-motors
b09,b,continuous,alarmed,robot three stop now,stop,,chatterbox,0.312,2.383,snr0/b09-alarmed.wav,snr0,0.0,-0.88,conveyor-belt
b09,b,continuous,alarmed,robot three stop now,stop,,chatterbox,0.312,2.383,snrm5/b09-alarmed.wav,snrm5,-5.0,-2.36,workshop-hall
b10,b,continuous,alarmed,robot three go forward,forward,,chatterbox,0.241,2.016,clean/b10-alarmed.wav,clean,,,
b10,b,continuous,alarmed,robot three go forward,forward,,chatterbox,0.241,2.016,snr30/b10-alarmed.wav,snr30,30.0,33.1,workshop-hall+robot-motors
b10,b,continuous,alarmed,robot three go forward,forward,,chatterbox,0.241,2.016,snr20/b10-alarmed.wav,snr20,20.0,19.85,conveyor-belt+robot-motors
b10,b,continuous,alarmed,robot three go forward,forward,,chatterbox,0.241,2.016,snr10/b10-alarmed.wav,snr10,10.0,8.83,conveyor-belt
b10,b,continuous,alarmed,robot three go forward,forward,,chatterbox,0.241,2.016,snr5/b10-alarmed.wav,snr5,5.0,4.09,conveyor-belt
b10,b,continuous,alarmed,robot three go forward,forward,,chatterbox,0.241,2.016,snr0/b10-alarmed.wav,snr0,0.0,2.45,workshop-hall+robot-motors
b10,b,continuous,alarmed,robot three go forward,forward,,chatterbox,0.241,2.016,snrm5/b10-alarmed.wav,snrm5,-5.0,-3.97,sorting-centre
b11,b,continuous,alarmed,robot three left,turn_left,,chatterbox,0.198,1.795,clean/b11-alarmed.wav,clean,,,
b11,b,continuous,alarmed,robot three left,turn_left,,chatterbox,0.198,1.795,snr30/b11-alarmed.wav,snr30,30.0,29.61,conveyor-belt
b11,b,continuous,alarmed,robot three left,turn_left,,chatterbox,0.198,1.795,snr20/b11-alarmed.wav,snr20,20.0,21.69,sorting-centre+robot-motors
b11,b,continuous,alarmed,robot three left,turn_left,,chatterbox,0.198,1.795,snr10/b11-alarmed.wav,snr10,10.0,13.12,workshop-hall
b11,b,continuous,alarmed,robot three left,turn_left,,chatterbox,0.198,1.795,snr5/b11-alarmed.wav,snr5,5.0,8.12,workshop-hall
b11,b,continuous,alarmed,robot three left,turn_left,,chatterbox,0.198,1.795,snr0/b11-alarmed.wav,snr0,0.0,1.88,sorting-centre+robot-motors
b11,b,continuous,alarmed,robot three left,turn_left,,chatterbox,0.198,1.795,snrm5/b11-alarmed.wav,snrm5,-5.0,-1.91,factory-impacts+robot-motors
b12,b,continuous,alarmed,robot three right,turn_right,,chatterbox,0.505,2.096,clean/b12-alarmed.wav,clean,,,
b12,b,continuous,alarmed,robot three right,turn_right,,chatterbox,0.505,2.096,snr30/b12-alarmed.wav,snr30,30.0,29.8,conveyor-belt+robot-motors
b12,b,continuous,alarmed,robot three right,turn_right,,chatterbox,0.505,2.096,snr20/b12-alarmed.wav,snr20,20.0,21.18,sorting-centre
b12,b,continuous,alarmed,robot three right,turn_right,,chatterbox,0.505,2.096,snr10/b12-alarmed.wav,snr10,10.0,12.35,workshop-hall+robot-motors
b12,b,continuous,alarmed,robot three right,turn_right,,chatterbox,0.505,2.096,snr5/b12-alarmed.wav,snr5,5.0,8.56,factory-impacts
b12,b,continuous,alarmed,robot three right,turn_right,,chatterbox,0.505,2.096,snr0/b12-alarmed.wav,snr0,0.0,2.26,workshop-hall+robot-motors
b12,b,continuous,alarmed,robot three right,turn_right,,chatterbox,0.505,2.096,snrm5/b12-alarmed.wav,snrm5,-5.0,-4.82,conveyor-belt+robot-motors
b13,b,continuous,alarmed,robot three carry green crate,carry,green crate,chatterbox,0.302,2.433,clean/b13-alarmed.wav,clean,,,
b13,b,continuous,alarmed,robot three carry green crate,carry,green crate,chatterbox,0.302,2.433,snr30/b13-alarmed.wav,snr30,30.0,33.89,factory-impacts+robot-motors
b13,b,continuous,alarmed,robot three carry green crate,carry,green crate,chatterbox,0.302,2.433,snr20/b13-alarmed.wav,snr20,20.0,23.62,factory-impacts+robot-motors
b13,b,continuous,alarmed,robot three carry green crate,carry,green crate,chatterbox,0.302,2.433,snr10/b13-alarmed.wav,snr10,10.0,14.19,workshop-hall
b13,b,continuous,alarmed,robot three carry green crate,carry,green crate,chatterbox,0.302,2.433,snr5/b13-alarmed.wav,snr5,5.0,7.68,sorting-centre+robot-motors
b13,b,continuous,alarmed,robot three carry green crate,carry,green crate,chatterbox,0.302,2.433,snr0/b13-alarmed.wav,snr0,0.0,3.48,workshop-hall+robot-motors
b13,b,continuous,alarmed,robot three carry green crate,carry,green crate,chatterbox,0.302,2.433,snrm5/b13-alarmed.wav,snrm5,-5.0,-2.78,sorting-centre
b14,b,continuous,alarmed,robot three make blue pallet,make,blue pallet,chatterbox,0.234,2.398,clean/b14-alarmed.wav,clean,,,
b14,b,continuous,alarmed,robot three make blue pallet,make,blue pallet,chatterbox,0.234,2.398,snr30/b14-alarmed.wav,snr30,30.0,33.21,factory-impacts+robot-motors
b14,b,continuous,alarmed,robot three make blue pallet,make,blue pallet,chatterbox,0.234,2.398,snr20/b14-alarmed.wav,snr20,20.0,24.58,factory-impacts
b14,b,continuous,alarmed,robot three make blue pallet,make,blue pallet,chatterbox,0.234,2.398,snr10/b14-alarmed.wav,snr10,10.0,11.87,conveyor-belt+robot-motors
b14,b,continuous,alarmed,robot three make blue pallet,make,blue pallet,chatterbox,0.234,2.398,snr5/b14-alarmed.wav,snr5,5.0,7.99,workshop-hall+robot-motors
b14,b,continuous,alarmed,robot three make blue pallet,make,blue pallet,chatterbox,0.234,2.398,snr0/b14-alarmed.wav,snr0,-0.0,1.82,sorting-centre
b14,b,continuous,alarmed,robot three make blue pallet,make,blue pallet,chatterbox,0.234,2.398,snrm5/b14-alarmed.wav,snrm5,-5.0,-2.78,sorting-centre
b15,b,continuous,alarmed,robot three why,why,,chatterbox,0.435,2.251,clean/b15-alarmed.wav,clean,,,
b15,b,continuous,alarmed,robot three why,why,,chatterbox,0.435,2.251,snr30/b15-alarmed.wav,snr30,30.0,31.37,sorting-centre
b15,b,continuous,alarmed,robot three why,why,,chatterbox,0.435,2.251,snr20/b15-alarmed.wav,snr20,20.0,22.56,workshop-hall+robot-motors
b15,b,continuous,alarmed,robot three why,why,,chatterbox,0.435,2.251,snr10/b15-alarmed.wav,snr10,10.0,13.66,factory-impacts
b15,b,continuous,alarmed,robot three why,why,,chatterbox,0.435,2.251,snr5/b15-alarmed.wav,snr5,5.0,8.63,factory-impacts
b15,b,continuous,alarmed,robot three why,why,,chatterbox,0.435,2.251,snr0/b15-alarmed.wav,snr0,0.0,2.3,factory-impacts+robot-motors
b15,b,continuous,alarmed,robot three why,why,,chatterbox,0.435,2.251,snrm5/b15-alarmed.wav,snrm5,-5.0,-3.66,sorting-centre
c01,c,continuous,alarmed,robot three forward,forward,,chatterbox,0.323,1.797,clean/c01-alarmed.wav,clean,,,
c01,c,continuous,alarmed,robot three forward,forward,,chatterbox,0.323,1.797,snr30/c01-alarmed.wav,snr30,30.0,30.54,conveyor-belt
c01,c,continuous,alarmed,robot three forward,forward,,chatterbox,0.323,1.797,snr20/c01-alarmed.wav,snr20,20.0,24.11,workshop-hall+robot-motors
c01,c,continuous,alarmed,robot three forward,forward,,chatterbox,0.323,1.797,snr10/c01-alarmed.wav,snr10,10.0,12.95,sorting-centre+robot-motors
c01,c,continuous,alarmed,robot three forward,forward,,chatterbox,0.323,1.797,snr5/c01-alarmed.wav,snr5,5.0,8.78,sorting-centre+robot-motors
c01,c,continuous,alarmed,robot three forward,forward,,chatterbox,0.323,1.797,snr0/c01-alarmed.wav,snr0,0.0,1.82,conveyor-belt+robot-motors
c01,c,continuous,alarmed,robot three forward,forward,,chatterbox,0.323,1.797,snrm5/c01-alarmed.wav,snrm5,-5.0,-0.44,workshop-hall
c02,c,continuous,alarmed,robot three stop,stop,,chatterbox,0.351,2.048,clean/c02-alarmed.wav,clean,,,
c02,c,continuous,alarmed,robot three stop,stop,,chatterbox,0.351,2.048,snr30/c02-alarmed.wav,snr30,30.0,35.94,factory-impacts
c02,c,continuous,alarmed,robot three stop,stop,,chatterbox,0.351,2.048,snr20/c02-alarmed.wav,snr20,20.0,24.37,factory-impacts
c02,c,continuous,alarmed,robot three stop,stop,,chatterbox,0.351,2.048,snr10/c02-alarmed.wav,snr10,10.0,14.22,workshop-hall+robot-motors
c02,c,continuous,alarmed,robot three stop,stop,,chatterbox,0.351,2.048,snr5/c02-alarmed.wav,snr5,5.0,10.74,factory-impacts
c02,c,continuous,alarmed,robot three stop,stop,,chatterbox,0.351,2.048,snr0/c02-alarmed.wav,snr0,-0.0,2.39,conveyor-belt+robot-motors
c02,c,continuous,alarmed,robot three stop,stop,,chatterbox,0.351,2.048,snrm5/c02-alarmed.wav,snrm5,-5.0,-1.75,sorting-centre
c03,c,continuous,alarmed,robot three turn left,turn_left,,chatterbox,0.181,1.96,clean/c03-alarmed.wav,clean,,,
c03,c,continuous,alarmed,robot three turn left,turn_left,,chatterbox,0.181,1.96,snr30/c03-alarmed.wav,snr30,30.0,34.51,factory-impacts+robot-motors
c03,c,continuous,alarmed,robot three turn left,turn_left,,chatterbox,0.181,1.96,snr20/c03-alarmed.wav,snr20,20.0,25.65,factory-impacts
c03,c,continuous,alarmed,robot three turn left,turn_left,,chatterbox,0.181,1.96,snr10/c03-alarmed.wav,snr10,10.0,14.78,factory-impacts
c03,c,continuous,alarmed,robot three turn left,turn_left,,chatterbox,0.181,1.96,snr5/c03-alarmed.wav,snr5,5.0,9.05,workshop-hall+robot-motors
c03,c,continuous,alarmed,robot three turn left,turn_left,,chatterbox,0.181,1.96,snr0/c03-alarmed.wav,snr0,0.0,4.73,workshop-hall
c03,c,continuous,alarmed,robot three turn left,turn_left,,chatterbox,0.181,1.96,snrm5/c03-alarmed.wav,snrm5,-5.0,-1.17,workshop-hall+robot-motors
c04,c,continuous,alarmed,robot three turn right,turn_right,,chatterbox,0.539,2.405,clean/c04-alarmed.wav,clean,,,
c04,c,continuous,alarmed,robot three turn right,turn_right,,chatterbox,0.539,2.405,snr30/c04-alarmed.wav,snr30,30.0,35.28,factory-impacts
c04,c,continuous,alarmed,robot three turn right,turn_right,,chatterbox,0.539,2.405,snr20/c04-alarmed.wav,snr20,20.0,24.83,workshop-hall+robot-motors
c04,c,continuous,alarmed,robot three turn right,turn_right,,chatterbox,0.539,2.405,snr10/c04-alarmed.wav,snr10,10.0,15.97,factory-impacts
c04,c,continuous,alarmed,robot three turn right,turn_right,,chatterbox,0.539,2.405,snr5/c04-alarmed.wav,snr5,5.0,10.04,workshop-hall
c04,c,continuous,alarmed,robot three turn right,turn_right,,chatterbox,0.539,2.405,snr0/c04-alarmed.wav,snr0,-0.0,5.32,factory-impacts+robot-motors
c04,c,continuous,alarmed,robot three turn right,turn_right,,chatterbox,0.539,2.405,snrm5/c04-alarmed.wav,snrm5,-5.0,-2.98,conveyor-belt+robot-motors
c05,c,continuous,alarmed,robot three carry blue pallet,carry,blue pallet,chatterbox,0.513,2.775,clean/c05-alarmed.wav,clean,,,
c05,c,continuous,alarmed,robot three carry blue pallet,carry,blue pallet,chatterbox,0.513,2.775,snr30/c05-alarmed.wav,snr30,30.0,36.08,sorting-centre+robot-motors
c05,c,continuous,alarmed,robot three carry blue pallet,carry,blue pallet,chatterbox,0.513,2.775,snr20/c05-alarmed.wav,snr20,20.0,25.47,sorting-centre+robot-motors
c05,c,continuous,alarmed,robot three carry blue pallet,carry,blue pallet,chatterbox,0.513,2.775,snr10/c05-alarmed.wav,snr10,10.0,16.98,factory-impacts+robot-motors
c05,c,continuous,alarmed,robot three carry blue pallet,carry,blue pallet,chatterbox,0.513,2.775,snr5/c05-alarmed.wav,snr5,5.0,9.99,conveyor-belt+robot-motors
c05,c,continuous,alarmed,robot three carry blue pallet,carry,blue pallet,chatterbox,0.513,2.775,snr0/c05-alarmed.wav,snr0,0.0,7.26,workshop-hall
c05,c,continuous,alarmed,robot three carry blue pallet,carry,blue pallet,chatterbox,0.513,2.775,snrm5/c05-alarmed.wav,snrm5,-5.0,0.82,sorting-centre
c06,c,continuous,alarmed,robot three carry red pallet,carry,red pallet,chatterbox,0.396,2.539,clean/c06-alarmed.wav,clean,,,
c06,c,continuous,alarmed,robot three carry red pallet,carry,red pallet,chatterbox,0.396,2.539,snr30/c06-alarmed.wav,snr30,30.0,32.7,conveyor-belt+robot-motors
c06,c,continuous,alarmed,robot three carry red pallet,carry,red pallet,chatterbox,0.396,2.539,snr20/c06-alarmed.wav,snr20,20.0,23.89,sorting-centre+robot-motors
c06,c,continuous,alarmed,robot three carry red pallet,carry,red pallet,chatterbox,0.396,2.539,snr10/c06-alarmed.wav,snr10,10.0,16.5,factory-impacts
c06,c,continuous,alarmed,robot three carry red pallet,carry,red pallet,chatterbox,0.396,2.539,snr5/c06-alarmed.wav,snr5,5.0,8.6,sorting-centre
c06,c,continuous,alarmed,robot three carry red pallet,carry,red pallet,chatterbox,0.396,2.539,snr0/c06-alarmed.wav,snr0,0.0,4.0,sorting-centre+robot-motors
c06,c,continuous,alarmed,robot three carry red pallet,carry,red pallet,chatterbox,0.396,2.539,snrm5/c06-alarmed.wav,snrm5,-5.0,1.49,factory-impacts
c07,c,continuous,alarmed,robot three make green crate,make,green crate,chatterbox,0.233,2.663,clean/c07-alarmed.wav,clean,,,
c07,c,continuous,alarmed,robot three make green crate,make,green crate,chatterbox,0.233,2.663,snr30/c07-alarmed.wav,snr30,30.0,34.05,workshop-hall+robot-motors
c07,c,continuous,alarmed,robot three make green crate,make,green crate,chatterbox,0.233,2.663,snr20/c07-alarmed.wav,snr20,20.0,24.57,factory-impacts+robot-motors
c07,c,continuous,alarmed,robot three make green crate,make,green crate,chatterbox,0.233,2.663,snr10/c07-alarmed.wav,snr10,10.0,12.72,sorting-centre
c07,c,continuous,alarmed,robot three make green crate,make,green crate,chatterbox,0.233,2.663,snr5/c07-alarmed.wav,snr5,5.0,6.95,conveyor-belt+robot-motors
c07,c,continuous,alarmed,robot three make green crate,make,green crate,chatterbox,0.233,2.663,snr0/c07-alarmed.wav,snr0,0.0,2.65,sorting-centre
c07,c,continuous,alarmed,robot three make green crate,make,green crate,chatterbox,0.233,2.663,snrm5/c07-alarmed.wav,snrm5,-5.0,-2.23,sorting-centre
c08,c,continuous,alarmed,robot three make grey box,make,grey box,chatterbox,0.408,2.876,clean/c08-alarmed.wav,clean,,,
c08,c,continuous,alarmed,robot three make grey box,make,grey box,chatterbox,0.408,2.876,snr30/c08-alarmed.wav,snr30,30.0,36.43,factory-impacts
c08,c,continuous,alarmed,robot three make grey box,make,grey box,chatterbox,0.408,2.876,snr20/c08-alarmed.wav,snr20,20.0,20.9,conveyor-belt
c08,c,continuous,alarmed,robot three make grey box,make,grey box,chatterbox,0.408,2.876,snr10/c08-alarmed.wav,snr10,10.0,14.82,workshop-hall+robot-motors
c08,c,continuous,alarmed,robot three make grey box,make,grey box,chatterbox,0.408,2.876,snr5/c08-alarmed.wav,snr5,5.0,9.6,workshop-hall+robot-motors
c08,c,continuous,alarmed,robot three make grey box,make,grey box,chatterbox,0.408,2.876,snr0/c08-alarmed.wav,snr0,0.0,2.82,conveyor-belt+robot-motors
c08,c,continuous,alarmed,robot three make grey box,make,grey box,chatterbox,0.408,2.876,snrm5/c08-alarmed.wav,snrm5,-5.0,-1.27,sorting-centre
c09,c,continuous,alarmed,robot three stop now,stop,,chatterbox,0.401,2.322,clean/c09-alarmed.wav,clean,,,
c09,c,continuous,alarmed,robot three stop now,stop,,chatterbox,0.401,2.322,snr30/c09-alarmed.wav,snr30,30.0,35.04,sorting-centre
c09,c,continuous,alarmed,robot three stop now,stop,,chatterbox,0.401,2.322,snr20/c09-alarmed.wav,snr20,20.0,25.26,sorting-centre+robot-motors
c09,c,continuous,alarmed,robot three stop now,stop,,chatterbox,0.401,2.322,snr10/c09-alarmed.wav,snr10,10.0,15.05,sorting-centre
c09,c,continuous,alarmed,robot three stop now,stop,,chatterbox,0.401,2.322,snr5/c09-alarmed.wav,snr5,5.0,10.13,sorting-centre+robot-motors
c09,c,continuous,alarmed,robot three stop now,stop,,chatterbox,0.401,2.322,snr0/c09-alarmed.wav,snr0,0.0,3.76,conveyor-belt+robot-motors
c09,c,continuous,alarmed,robot three stop now,stop,,chatterbox,0.401,2.322,snrm5/c09-alarmed.wav,snrm5,-5.0,1.35,workshop-hall+robot-motors
c10,c,continuous,alarmed,robot three go forward,forward,,chatterbox,0.331,2.283,clean/c10-alarmed.wav,clean,,,
c10,c,continuous,alarmed,robot three go forward,forward,,chatterbox,0.331,2.283,snr30/c10-alarmed.wav,snr30,30.0,32.63,sorting-centre
c10,c,continuous,alarmed,robot three go forward,forward,,chatterbox,0.331,2.283,snr20/c10-alarmed.wav,snr20,20.0,22.62,sorting-centre
c10,c,continuous,alarmed,robot three go forward,forward,,chatterbox,0.331,2.283,snr10/c10-alarmed.wav,snr10,10.0,13.73,workshop-hall+robot-motors
c10,c,continuous,alarmed,robot three go forward,forward,,chatterbox,0.331,2.283,snr5/c10-alarmed.wav,snr5,5.0,8.68,workshop-hall+robot-motors
c10,c,continuous,alarmed,robot three go forward,forward,,chatterbox,0.331,2.283,snr0/c10-alarmed.wav,snr0,0.0,3.96,factory-impacts+robot-motors
c10,c,continuous,alarmed,robot three go forward,forward,,chatterbox,0.331,2.283,snrm5/c10-alarmed.wav,snrm5,-5.0,-3.47,conveyor-belt+robot-motors
c11,c,continuous,alarmed,robot three left,turn_left,,chatterbox,0.311,1.992,clean/c11-alarmed.wav,clean,,,
c11,c,continuous,alarmed,robot three left,turn_left,,chatterbox,0.311,1.992,snr30/c11-alarmed.wav,snr30,30.0,34.1,sorting-centre
c11,c,continuous,alarmed,robot three left,turn_left,,chatterbox,0.311,1.992,snr20/c11-alarmed.wav,snr20,20.0,25.26,factory-impacts+robot-motors
c11,c,continuous,alarmed,robot three left,turn_left,,chatterbox,0.311,1.992,snr10/c11-alarmed.wav,snr10,10.0,15.19,factory-impacts+robot-motors
c11,c,continuous,alarmed,robot three left,turn_left,,chatterbox,0.311,1.992,snr5/c11-alarmed.wav,snr5,5.0,7.86,conveyor-belt+robot-motors
c11,c,continuous,alarmed,robot three left,turn_left,,chatterbox,0.311,1.992,snr0/c11-alarmed.wav,snr0,0.0,5.36,workshop-hall
c11,c,continuous,alarmed,robot three left,turn_left,,chatterbox,0.311,1.992,snrm5/c11-alarmed.wav,snrm5,-5.0,0.49,workshop-hall
c12,c,continuous,alarmed,robot three right,turn_right,,chatterbox,0.391,1.862,clean/c12-alarmed.wav,clean,,,
c12,c,continuous,alarmed,robot three right,turn_right,,chatterbox,0.391,1.862,snr30/c12-alarmed.wav,snr30,30.0,35.21,workshop-hall
c12,c,continuous,alarmed,robot three right,turn_right,,chatterbox,0.391,1.862,snr20/c12-alarmed.wav,snr20,20.0,21.78,conveyor-belt+robot-motors
c12,c,continuous,alarmed,robot three right,turn_right,,chatterbox,0.391,1.862,snr10/c12-alarmed.wav,snr10,10.0,13.71,sorting-centre+robot-motors
c12,c,continuous,alarmed,robot three right,turn_right,,chatterbox,0.391,1.862,snr5/c12-alarmed.wav,snr5,5.0,8.82,sorting-centre
c12,c,continuous,alarmed,robot three right,turn_right,,chatterbox,0.391,1.862,snr0/c12-alarmed.wav,snr0,-0.0,5.37,workshop-hall
c12,c,continuous,alarmed,robot three right,turn_right,,chatterbox,0.391,1.862,snrm5/c12-alarmed.wav,snrm5,-5.0,-3.8,conveyor-belt
c13,c,continuous,alarmed,robot three carry green crate,carry,green crate,chatterbox,0.399,2.869,clean/c13-alarmed.wav,clean,,,
c13,c,continuous,alarmed,robot three carry green crate,carry,green crate,chatterbox,0.399,2.869,snr30/c13-alarmed.wav,snr30,30.0,35.65,sorting-centre+robot-motors
c13,c,continuous,alarmed,robot three carry green crate,carry,green crate,chatterbox,0.399,2.869,snr20/c13-alarmed.wav,snr20,20.0,26.12,sorting-centre+robot-motors
c13,c,continuous,alarmed,robot three carry green crate,carry,green crate,chatterbox,0.399,2.869,snr10/c13-alarmed.wav,snr10,10.0,18.02,factory-impacts
c13,c,continuous,alarmed,robot three carry green crate,carry,green crate,chatterbox,0.399,2.869,snr5/c13-alarmed.wav,snr5,5.0,11.39,workshop-hall+robot-motors
c13,c,continuous,alarmed,robot three carry green crate,carry,green crate,chatterbox,0.399,2.869,snr0/c13-alarmed.wav,snr0,0.0,7.93,factory-impacts+robot-motors
c13,c,continuous,alarmed,robot three carry green crate,carry,green crate,chatterbox,0.399,2.869,snrm5/c13-alarmed.wav,snrm5,-5.0,1.53,workshop-hall+robot-motors
c14,c,continuous,alarmed,robot three make blue pallet,make,blue pallet,chatterbox,0.166,2.555,clean/c14-alarmed.wav,clean,,,
c14,c,continuous,alarmed,robot three make blue pallet,make,blue pallet,chatterbox,0.166,2.555,snr30/c14-alarmed.wav,snr30,30.0,32.86,conveyor-belt
c14,c,continuous,alarmed,robot three make blue pallet,make,blue pallet,chatterbox,0.166,2.555,snr20/c14-alarmed.wav,snr20,20.0,23.01,conveyor-belt
c14,c,continuous,alarmed,robot three make blue pallet,make,blue pallet,chatterbox,0.166,2.555,snr10/c14-alarmed.wav,snr10,10.0,16.3,factory-impacts+robot-motors
c14,c,continuous,alarmed,robot three make blue pallet,make,blue pallet,chatterbox,0.166,2.555,snr5/c14-alarmed.wav,snr5,5.0,11.33,workshop-hall
c14,c,continuous,alarmed,robot three make blue pallet,make,blue pallet,chatterbox,0.166,2.555,snr0/c14-alarmed.wav,snr0,0.0,6.39,factory-impacts
c14,c,continuous,alarmed,robot three make blue pallet,make,blue pallet,chatterbox,0.166,2.555,snrm5/c14-alarmed.wav,snrm5,-5.0,2.48,factory-impacts
c15,c,continuous,alarmed,robot three why,why,,chatterbox,0.168,2.168,clean/c15-alarmed.wav,clean,,,
c15,c,continuous,alarmed,robot three why,why,,chatterbox,0.168,2.168,snr30/c15-alarmed.wav,snr30,30.0,31.36,conveyor-belt+robot-motors
c15,c,continuous,alarmed,robot three why,why,,chatterbox,0.168,2.168,snr20/c15-alarmed.wav,snr20,20.0,23.37,workshop-hall+robot-motors
c15,c,continuous,alarmed,robot three why,why,,chatterbox,0.168,2.168,snr10/c15-alarmed.wav,snr10,10.0,13.45,workshop-hall+robot-motors
c15,c,continuous,alarmed,robot three why,why,,chatterbox,0.168,2.168,snr5/c15-alarmed.wav,snr5,5.0,7.76,sorting-centre+robot-motors
c15,c,continuous,alarmed,robot three why,why,,chatterbox,0.168,2.168,snr0/c15-alarmed.wav,snr0,0.0,3.03,workshop-hall+robot-motors
c15,c,continuous,alarmed,robot three why,why,,chatterbox,0.168,2.168,snrm5/c15-alarmed.wav,snrm5,-5.0,-1.13,workshop-hall+robot-motors
d01,d,continuous,alarmed,robot three forward,forward,,chatterbox,0.217,2.064,clean/d01-alarmed.wav,clean,,,
d01,d,continuous,alarmed,robot three forward,forward,,chatterbox,0.217,2.064,snr30/d01-alarmed.wav,snr30,30.0,32.93,workshop-hall+robot-motors
d01,d,continuous,alarmed,robot three forward,forward,,chatterbox,0.217,2.064,snr20/d01-alarmed.wav,snr20,20.0,22.2,workshop-hall+robot-motors
d01,d,continuous,alarmed,robot three forward,forward,,chatterbox,0.217,2.064,snr10/d01-alarmed.wav,snr10,10.0,9.46,conveyor-belt+robot-motors
d01,d,continuous,alarmed,robot three forward,forward,,chatterbox,0.217,2.064,snr5/d01-alarmed.wav,snr5,5.0,7.08,workshop-hall+robot-motors
d01,d,continuous,alarmed,robot three forward,forward,,chatterbox,0.217,2.064,snr0/d01-alarmed.wav,snr0,0.0,2.45,workshop-hall+robot-motors
d01,d,continuous,alarmed,robot three forward,forward,,chatterbox,0.217,2.064,snrm5/d01-alarmed.wav,snrm5,-5.0,-3.53,sorting-centre+robot-motors
d02,d,continuous,alarmed,robot three stop,stop,,chatterbox,0.265,1.996,clean/d02-alarmed.wav,clean,,,
d02,d,continuous,alarmed,robot three stop,stop,,chatterbox,0.265,1.996,snr30/d02-alarmed.wav,snr30,30.0,34.0,factory-impacts
d02,d,continuous,alarmed,robot three stop,stop,,chatterbox,0.265,1.996,snr20/d02-alarmed.wav,snr20,20.0,19.54,conveyor-belt
d02,d,continuous,alarmed,robot three stop,stop,,chatterbox,0.265,1.996,snr10/d02-alarmed.wav,snr10,10.0,12.43,factory-impacts+robot-motors
d02,d,continuous,alarmed,robot three stop,stop,,chatterbox,0.265,1.996,snr5/d02-alarmed.wav,snr5,5.0,8.04,workshop-hall
d02,d,continuous,alarmed,robot three stop,stop,,chatterbox,0.265,1.996,snr0/d02-alarmed.wav,snr0,0.0,0.05,conveyor-belt+robot-motors
d02,d,continuous,alarmed,robot three stop,stop,,chatterbox,0.265,1.996,snrm5/d02-alarmed.wav,snrm5,-5.0,-2.2,workshop-hall
d03,d,continuous,alarmed,robot three turn left,turn_left,,chatterbox,0.195,2.183,clean/d03-alarmed.wav,clean,,,
d03,d,continuous,alarmed,robot three turn left,turn_left,,chatterbox,0.195,2.183,snr30/d03-alarmed.wav,snr30,30.0,31.36,sorting-centre
d03,d,continuous,alarmed,robot three turn left,turn_left,,chatterbox,0.195,2.183,snr20/d03-alarmed.wav,snr20,20.0,21.49,sorting-centre+robot-motors
d03,d,continuous,alarmed,robot three turn left,turn_left,,chatterbox,0.195,2.183,snr10/d03-alarmed.wav,snr10,10.0,9.32,conveyor-belt
d03,d,continuous,alarmed,robot three turn left,turn_left,,chatterbox,0.195,2.183,snr5/d03-alarmed.wav,snr5,5.0,6.62,sorting-centre+robot-motors
d03,d,continuous,alarmed,robot three turn left,turn_left,,chatterbox,0.195,2.183,snr0/d03-alarmed.wav,snr0,0.0,2.93,factory-impacts
d03,d,continuous,alarmed,robot three turn left,turn_left,,chatterbox,0.195,2.183,snrm5/d03-alarmed.wav,snrm5,-5.0,-2.03,workshop-hall
d04,d,continuous,alarmed,robot three turn right,turn_right,,chatterbox,0.473,2.549,clean/d04-alarmed.wav,clean,,,
d04,d,continuous,alarmed,robot three turn right,turn_right,,chatterbox,0.473,2.549,snr30/d04-alarmed.wav,snr30,30.0,28.45,conveyor-belt
d04,d,continuous,alarmed,robot three turn right,turn_right,,chatterbox,0.473,2.549,snr20/d04-alarmed.wav,snr20,20.0,22.17,sorting-centre+robot-motors
d04,d,continuous,alarmed,robot three turn right,turn_right,,chatterbox,0.473,2.549,snr10/d04-alarmed.wav,snr10,10.0,10.63,conveyor-belt+robot-motors
d04,d,continuous,alarmed,robot three turn right,turn_right,,chatterbox,0.473,2.549,snr5/d04-alarmed.wav,snr5,5.0,7.41,factory-impacts+robot-motors
d04,d,continuous,alarmed,robot three turn right,turn_right,,chatterbox,0.473,2.549,snr0/d04-alarmed.wav,snr0,0.0,2.47,workshop-hall+robot-motors
d04,d,continuous,alarmed,robot three turn right,turn_right,,chatterbox,0.473,2.549,snrm5/d04-alarmed.wav,snrm5,-5.0,-6.24,conveyor-belt
d05,d,continuous,alarmed,robot three carry blue pallet,carry,blue pallet,chatterbox,0.17,2.601,clean/d05-alarmed.wav,clean,,,
d05,d,continuous,alarmed,robot three carry blue pallet,carry,blue pallet,chatterbox,0.17,2.601,snr30/d05-alarmed.wav,snr30,30.0,31.07,sorting-centre
d05,d,continuous,alarmed,robot three carry blue pallet,carry,blue pallet,chatterbox,0.17,2.601,snr20/d05-alarmed.wav,snr20,20.0,22.16,workshop-hall+robot-motors
d05,d,continuous,alarmed,robot three carry blue pallet,carry,blue pallet,chatterbox,0.17,2.601,snr10/d05-alarmed.wav,snr10,10.0,12.81,factory-impacts+robot-motors
d05,d,continuous,alarmed,robot three carry blue pallet,carry,blue pallet,chatterbox,0.17,2.601,snr5/d05-alarmed.wav,snr5,5.0,8.03,workshop-hall
d05,d,continuous,alarmed,robot three carry blue pallet,carry,blue pallet,chatterbox,0.17,2.601,snr0/d05-alarmed.wav,snr0,-0.0,-1.71,conveyor-belt
d05,d,continuous,alarmed,robot three carry blue pallet,carry,blue pallet,chatterbox,0.17,2.601,snrm5/d05-alarmed.wav,snrm5,-5.0,-0.99,factory-impacts
d06,d,continuous,alarmed,robot three carry red pallet,carry,red pallet,chatterbox,0.526,2.692,clean/d06-alarmed.wav,clean,,,
d06,d,continuous,alarmed,robot three carry red pallet,carry,red pallet,chatterbox,0.526,2.692,snr30/d06-alarmed.wav,snr30,30.0,31.8,sorting-centre
d06,d,continuous,alarmed,robot three carry red pallet,carry,red pallet,chatterbox,0.526,2.692,snr20/d06-alarmed.wav,snr20,20.0,23.58,workshop-hall
d06,d,continuous,alarmed,robot three carry red pallet,carry,red pallet,chatterbox,0.526,2.692,snr10/d06-alarmed.wav,snr10,10.0,9.38,conveyor-belt
d06,d,continuous,alarmed,robot three carry red pallet,carry,red pallet,chatterbox,0.526,2.692,snr5/d06-alarmed.wav,snr5,5.0,8.11,workshop-hall
d06,d,continuous,alarmed,robot three carry red pallet,carry,red pallet,chatterbox,0.526,2.692,snr0/d06-alarmed.wav,snr0,0.0,4.46,factory-impacts
d06,d,continuous,alarmed,robot three carry red pallet,carry,red pallet,chatterbox,0.526,2.692,snrm5/d06-alarmed.wav,snrm5,-5.0,-0.89,factory-impacts
d07,d,continuous,alarmed,robot three make green crate,make,green crate,chatterbox,0.437,2.942,clean/d07-alarmed.wav,clean,,,
d07,d,continuous,alarmed,robot three make green crate,make,green crate,chatterbox,0.437,2.942,snr30/d07-alarmed.wav,snr30,30.0,30.81,conveyor-belt+robot-motors
d07,d,continuous,alarmed,robot three make green crate,make,green crate,chatterbox,0.437,2.942,snr20/d07-alarmed.wav,snr20,20.0,23.77,workshop-hall
d07,d,continuous,alarmed,robot three make green crate,make,green crate,chatterbox,0.437,2.942,snr10/d07-alarmed.wav,snr10,10.0,12.65,sorting-centre+robot-motors
d07,d,continuous,alarmed,robot three make green crate,make,green crate,chatterbox,0.437,2.942,snr5/d07-alarmed.wav,snr5,5.0,8.49,workshop-hall+robot-motors
d07,d,continuous,alarmed,robot three make green crate,make,green crate,chatterbox,0.437,2.942,snr0/d07-alarmed.wav,snr0,0.0,0.73,conveyor-belt+robot-motors
d07,d,continuous,alarmed,robot three make green crate,make,green crate,chatterbox,0.437,2.942,snrm5/d07-alarmed.wav,snrm5,-5.0,-2.53,sorting-centre+robot-motors
d08,d,continuous,alarmed,robot three make grey box,make,grey box,chatterbox,0.526,3.186,clean/d08-alarmed.wav,clean,,,
d08,d,continuous,alarmed,robot three make grey box,make,grey box,chatterbox,0.526,3.186,snr30/d08-alarmed.wav,snr30,30.0,32.74,workshop-hall
d08,d,continuous,alarmed,robot three make grey box,make,grey box,chatterbox,0.526,3.186,snr20/d08-alarmed.wav,snr20,20.0,20.11,conveyor-belt+robot-motors
d08,d,continuous,alarmed,robot three make grey box,make,grey box,chatterbox,0.526,3.186,snr10/d08-alarmed.wav,snr10,10.0,8.25,conveyor-belt
d08,d,continuous,alarmed,robot three make grey box,make,grey box,chatterbox,0.526,3.186,snr5/d08-alarmed.wav,snr5,5.0,5.05,conveyor-belt+robot-motors
d08,d,continuous,alarmed,robot three make grey box,make,grey box,chatterbox,0.526,3.186,snr0/d08-alarmed.wav,snr0,-0.0,3.21,factory-impacts
d08,d,continuous,alarmed,robot three make grey box,make,grey box,chatterbox,0.526,3.186,snrm5/d08-alarmed.wav,snrm5,-5.0,-4.15,conveyor-belt+robot-motors
d09,d,continuous,alarmed,robot three stop now,stop,,chatterbox,0.311,2.201,clean/d09-alarmed.wav,clean,,,
d09,d,continuous,alarmed,robot three stop now,stop,,chatterbox,0.311,2.201,snr30/d09-alarmed.wav,snr30,30.0,33.97,factory-impacts
d09,d,continuous,alarmed,robot three stop now,stop,,chatterbox,0.311,2.201,snr20/d09-alarmed.wav,snr20,20.0,21.66,sorting-centre+robot-motors
d09,d,continuous,alarmed,robot three stop now,stop,,chatterbox,0.311,2.201,snr10/d09-alarmed.wav,snr10,10.0,11.48,sorting-centre
d09,d,continuous,alarmed,robot three stop now,stop,,chatterbox,0.311,2.201,snr5/d09-alarmed.wav,snr5,5.0,8.14,workshop-hall
d09,d,continuous,alarmed,robot three stop now,stop,,chatterbox,0.311,2.201,snr0/d09-alarmed.wav,snr0,-0.0,1.6,sorting-centre+robot-motors
d09,d,continuous,alarmed,robot three stop now,stop,,chatterbox,0.311,2.201,snrm5/d09-alarmed.wav,snrm5,-5.0,-2.27,workshop-hall
d10,d,continuous,alarmed,robot three go forward,forward,,chatterbox,0.429,2.645,clean/d10-alarmed.wav,clean,,,
d10,d,continuous,alarmed,robot three go forward,forward,,chatterbox,0.429,2.645,snr30/d10-alarmed.wav,snr30,30.0,28.6,conveyor-belt
d10,d,continuous,alarmed,robot three go forward,forward,,chatterbox,0.429,2.645,snr20/d10-alarmed.wav,snr20,20.0,23.18,workshop-hall+robot-motors
d10,d,continuous,alarmed,robot three go forward,forward,,chatterbox,0.429,2.645,snr10/d10-alarmed.wav,snr10,10.0,9.97,conveyor-belt+robot-motors
d10,d,continuous,alarmed,robot three go forward,forward,,chatterbox,0.429,2.645,snr5/d10-alarmed.wav,snr5,5.0,8.09,workshop-hall
d10,d,continuous,alarmed,robot three go forward,forward,,chatterbox,0.429,2.645,snr0/d10-alarmed.wav,snr0,0.0,4.12,factory-impacts
d10,d,continuous,alarmed,robot three go forward,forward,,chatterbox,0.429,2.645,snrm5/d10-alarmed.wav,snrm5,-5.0,-1.45,factory-impacts+robot-motors
d11,d,continuous,alarmed,robot three left,turn_left,,chatterbox,0.296,2.157,clean/d11-alarmed.wav,clean,,,
d11,d,continuous,alarmed,robot three left,turn_left,,chatterbox,0.296,2.157,snr30/d11-alarmed.wav,snr30,30.0,28.78,conveyor-belt
d11,d,continuous,alarmed,robot three left,turn_left,,chatterbox,0.296,2.157,snr20/d11-alarmed.wav,snr20,20.0,23.74,factory-impacts
d11,d,continuous,alarmed,robot three left,turn_left,,chatterbox,0.296,2.157,snr10/d11-alarmed.wav,snr10,10.0,12.91,workshop-hall
d11,d,continuous,alarmed,robot three left,turn_left,,chatterbox,0.296,2.157,snr5/d11-alarmed.wav,snr5,5.0,8.04,workshop-hall
d11,d,continuous,alarmed,robot three left,turn_left,,chatterbox,0.296,2.157,snr0/d11-alarmed.wav,snr0,0.0,1.52,sorting-centre+robot-motors
d11,d,continuous,alarmed,robot three left,turn_left,,chatterbox,0.296,2.157,snrm5/d11-alarmed.wav,snrm5,-5.0,-3.08,workshop-hall+robot-motors
d12,d,continuous,alarmed,robot three right,turn_right,,chatterbox,0.512,2.415,clean/d12-alarmed.wav,clean,,,
d12,d,continuous,alarmed,robot three right,turn_right,,chatterbox,0.512,2.415,snr30/d12-alarmed.wav,snr30,30.0,32.75,workshop-hall
d12,d,continuous,alarmed,robot three right,turn_right,,chatterbox,0.512,2.415,snr20/d12-alarmed.wav,snr20,20.0,18.28,conveyor-belt
d12,d,continuous,alarmed,robot three right,turn_right,,chatterbox,0.512,2.415,snr10/d12-alarmed.wav,snr10,10.0,12.73,workshop-hall+robot-motors
d12,d,continuous,alarmed,robot three right,turn_right,,chatterbox,0.512,2.415,snr5/d12-alarmed.wav,snr5,5.0,7.39,workshop-hall+robot-motors
d12,d,continuous,alarmed,robot three right,turn_right,,chatterbox,0.512,2.415,snr0/d12-alarmed.wav,snr0,0.0,0.54,conveyor-belt+robot-motors
d12,d,continuous,alarmed,robot three right,turn_right,,chatterbox,0.512,2.415,snrm5/d12-alarmed.wav,snrm5,-5.0,-1.17,factory-impacts
d13,d,continuous,alarmed,robot three carry green crate,carry,green crate,chatterbox,0.449,2.656,clean/d13-alarmed.wav,clean,,,
d13,d,continuous,alarmed,robot three carry green crate,carry,green crate,chatterbox,0.449,2.656,snr30/d13-alarmed.wav,snr30,30.0,28.99,conveyor-belt
d13,d,continuous,alarmed,robot three carry green crate,carry,green crate,chatterbox,0.449,2.656,snr20/d13-alarmed.wav,snr20,20.0,21.99,sorting-centre+robot-motors
d13,d,continuous,alarmed,robot three carry green crate,carry,green crate,chatterbox,0.449,2.656,snr10/d13-alarmed.wav,snr10,10.0,9.66,conveyor-belt
d13,d,continuous,alarmed,robot three carry green crate,carry,green crate,chatterbox,0.449,2.656,snr5/d13-alarmed.wav,snr5,5.0,5.27,conveyor-belt+robot-motors
d13,d,continuous,alarmed,robot three carry green crate,carry,green crate,chatterbox,0.449,2.656,snr0/d13-alarmed.wav,snr0,0.0,2.62,factory-impacts+robot-motors
d13,d,continuous,alarmed,robot three carry green crate,carry,green crate,chatterbox,0.449,2.656,snrm5/d13-alarmed.wav,snrm5,-5.0,-3.3,sorting-centre
d14,d,continuous,alarmed,robot three make blue pallet,make,blue pallet,chatterbox,0.151,2.748,clean/d14-alarmed.wav,clean,,,
d14,d,continuous,alarmed,robot three make blue pallet,make,blue pallet,chatterbox,0.151,2.748,snr30/d14-alarmed.wav,snr30,30.0,32.92,workshop-hall+robot-motors
d14,d,continuous,alarmed,robot three make blue pallet,make,blue pallet,chatterbox,0.151,2.748,snr20/d14-alarmed.wav,snr20,20.0,21.45,sorting-centre
d14,d,continuous,alarmed,robot three make blue pallet,make,blue pallet,chatterbox,0.151,2.748,snr10/d14-alarmed.wav,snr10,10.0,12.84,workshop-hall
d14,d,continuous,alarmed,robot three make blue pallet,make,blue pallet,chatterbox,0.151,2.748,snr5/d14-alarmed.wav,snr5,5.0,6.6,sorting-centre+robot-motors
d14,d,continuous,alarmed,robot three make blue pallet,make,blue pallet,chatterbox,0.151,2.748,snr0/d14-alarmed.wav,snr0,0.0,1.81,sorting-centre+robot-motors
d14,d,continuous,alarmed,robot three make blue pallet,make,blue pallet,chatterbox,0.151,2.748,snrm5/d14-alarmed.wav,snrm5,-5.0,-5.51,conveyor-belt
d15,d,continuous,alarmed,robot three why,why,,chatterbox,0.301,1.997,clean/d15-alarmed.wav,clean,,,
d15,d,continuous,alarmed,robot three why,why,,chatterbox,0.301,1.997,snr30/d15-alarmed.wav,snr30,30.0,31.4,sorting-centre
d15,d,continuous,alarmed,robot three why,why,,chatterbox,0.301,1.997,snr20/d15-alarmed.wav,snr20,20.0,22.03,workshop-hall+robot-motors
d15,d,continuous,alarmed,robot three why,why,,chatterbox,0.301,1.997,snr10/d15-alarmed.wav,snr10,10.0,11.41,sorting-centre
d15,d,continuous,alarmed,robot three why,why,,chatterbox,0.301,1.997,snr5/d15-alarmed.wav,snr5,5.0,8.98,factory-impacts
d15,d,continuous,alarmed,robot three why,why,,chatterbox,0.301,1.997,snr0/d15-alarmed.wav,snr0,0.0,2.63,workshop-hall
d15,d,continuous,alarmed,robot three why,why,,chatterbox,0.301,1.997,snrm5/d15-alarmed.wav,snrm5,-5.0,-5.89,conveyor-belt
a01,a,words,order,robot three forward,forward,,chatterbox,0.468,2.475,words/clean/a01-order.wav,clean,,,
a01,a,words,order,robot three forward,forward,,chatterbox,0.468,2.475,words/snr30/a01-order.wav,snr30,30.0,31.28,conveyor-belt+robot-motors
a01,a,words,order,robot three forward,forward,,chatterbox,0.468,2.475,words/snr20/a01-order.wav,snr20,20.0,23.71,workshop-hall+robot-motors
a01,a,words,order,robot three forward,forward,,chatterbox,0.468,2.475,words/snr10/a01-order.wav,snr10,10.0,12.0,conveyor-belt+robot-motors
a01,a,words,order,robot three forward,forward,,chatterbox,0.468,2.475,words/snr5/a01-order.wav,snr5,5.0,10.29,factory-impacts
a01,a,words,order,robot three forward,forward,,chatterbox,0.468,2.475,words/snr0/a01-order.wav,snr0,0.0,4.98,factory-impacts
a01,a,words,order,robot three forward,forward,,chatterbox,0.468,2.475,words/snrm5/a01-order.wav,snrm5,-5.0,-1.88,sorting-centre+robot-motors
a02,a,words,order,robot three stop,stop,,chatterbox,0.216,2.098,words/clean/a02-order.wav,clean,,,
a02,a,words,order,robot three stop,stop,,chatterbox,0.216,2.098,words/snr30/a02-order.wav,snr30,30.0,33.1,sorting-centre
a02,a,words,order,robot three stop,stop,,chatterbox,0.216,2.098,words/snr20/a02-order.wav,snr20,20.0,24.79,workshop-hall
a02,a,words,order,robot three stop,stop,,chatterbox,0.216,2.098,words/snr10/a02-order.wav,snr10,10.0,10.4,conveyor-belt
a02,a,words,order,robot three stop,stop,,chatterbox,0.216,2.098,words/snr5/a02-order.wav,snr5,5.0,8.1,sorting-centre
a02,a,words,order,robot three stop,stop,,chatterbox,0.216,2.098,words/snr0/a02-order.wav,snr0,0.0,4.4,factory-impacts+robot-motors
a02,a,words,order,robot three stop,stop,,chatterbox,0.216,2.098,words/snrm5/a02-order.wav,snrm5,-5.0,-0.53,workshop-hall+robot-motors
a03,a,words,order,robot three turn left,turn_left,,chatterbox,0.491,3.166,words/clean/a03-order.wav,clean,,,
a03,a,words,order,robot three turn left,turn_left,,chatterbox,0.491,3.166,words/snr30/a03-order.wav,snr30,30.0,33.14,sorting-centre+robot-motors
a03,a,words,order,robot three turn left,turn_left,,chatterbox,0.491,3.166,words/snr20/a03-order.wav,snr20,20.0,24.62,workshop-hall+robot-motors
a03,a,words,order,robot three turn left,turn_left,,chatterbox,0.491,3.166,words/snr10/a03-order.wav,snr10,10.0,12.38,conveyor-belt+robot-motors
a03,a,words,order,robot three turn left,turn_left,,chatterbox,0.491,3.166,words/snr5/a03-order.wav,snr5,5.0,8.82,sorting-centre+robot-motors
a03,a,words,order,robot three turn left,turn_left,,chatterbox,0.491,3.166,words/snr0/a03-order.wav,snr0,0.0,3.36,sorting-centre+robot-motors
a03,a,words,order,robot three turn left,turn_left,,chatterbox,0.491,3.166,words/snrm5/a03-order.wav,snrm5,-5.0,-4.94,conveyor-belt
a04,a,words,order,robot three turn right,turn_right,,chatterbox,0.224,2.789,words/clean/a04-order.wav,clean,,,
a04,a,words,order,robot three turn right,turn_right,,chatterbox,0.224,2.789,words/snr30/a04-order.wav,snr30,30.0,35.13,factory-impacts+robot-motors
a04,a,words,order,robot three turn right,turn_right,,chatterbox,0.224,2.789,words/snr20/a04-order.wav,snr20,20.0,21.94,conveyor-belt+robot-motors
a04,a,words,order,robot three turn right,turn_right,,chatterbox,0.224,2.789,words/snr10/a04-order.wav,snr10,10.0,13.44,sorting-centre+robot-motors
a04,a,words,order,robot three turn right,turn_right,,chatterbox,0.224,2.789,words/snr5/a04-order.wav,snr5,5.0,10.68,factory-impacts
a04,a,words,order,robot three turn right,turn_right,,chatterbox,0.224,2.789,words/snr0/a04-order.wav,snr0,0.0,4.64,workshop-hall
a04,a,words,order,robot three turn right,turn_right,,chatterbox,0.224,2.789,words/snrm5/a04-order.wav,snrm5,-5.0,-1.5,sorting-centre+robot-motors
a05,a,words,order,robot three carry blue pallet,carry,blue pallet,chatterbox,0.356,3.554,words/clean/a05-order.wav,clean,,,
a05,a,words,order,robot three carry blue pallet,carry,blue pallet,chatterbox,0.356,3.554,words/snr30/a05-order.wav,snr30,30.0,35.01,factory-impacts+robot-motors
a05,a,words,order,robot three carry blue pallet,carry,blue pallet,chatterbox,0.356,3.554,words/snr20/a05-order.wav,snr20,20.0,24.82,factory-impacts+robot-motors
a05,a,words,order,robot three carry blue pallet,carry,blue pallet,chatterbox,0.356,3.554,words/snr10/a05-order.wav,snr10,10.0,13.13,sorting-centre
a05,a,words,order,robot three carry blue pallet,carry,blue pallet,chatterbox,0.356,3.554,words/snr5/a05-order.wav,snr5,5.0,10.68,factory-impacts+robot-motors
a05,a,words,order,robot three carry blue pallet,carry,blue pallet,chatterbox,0.356,3.554,words/snr0/a05-order.wav,snr0,0.0,4.39,workshop-hall+robot-motors
a05,a,words,order,robot three carry blue pallet,carry,blue pallet,chatterbox,0.356,3.554,words/snrm5/a05-order.wav,snrm5,-5.0,0.03,workshop-hall
a06,a,words,order,robot three carry red pallet,carry,red pallet,chatterbox,0.486,3.746,words/clean/a06-order.wav,clean,,,
a06,a,words,order,robot three carry red pallet,carry,red pallet,chatterbox,0.486,3.746,words/snr30/a06-order.wav,snr30,30.0,34.82,workshop-hall+robot-motors
a06,a,words,order,robot three carry red pallet,carry,red pallet,chatterbox,0.486,3.746,words/snr20/a06-order.wav,snr20,20.0,22.31,conveyor-belt+robot-motors
a06,a,words,order,robot three carry red pallet,carry,red pallet,chatterbox,0.486,3.746,words/snr10/a06-order.wav,snr10,10.0,14.54,workshop-hall+robot-motors
a06,a,words,order,robot three carry red pallet,carry,red pallet,chatterbox,0.486,3.746,words/snr5/a06-order.wav,snr5,5.0,9.67,factory-impacts+robot-motors
a06,a,words,order,robot three carry red pallet,carry,red pallet,chatterbox,0.486,3.746,words/snr0/a06-order.wav,snr0,0.0,3.92,sorting-centre+robot-motors
a06,a,words,order,robot three carry red pallet,carry,red pallet,chatterbox,0.486,3.746,words/snrm5/a06-order.wav,snrm5,-5.0,1.13,factory-impacts
a07,a,words,order,robot three make green crate,make,green crate,chatterbox,0.216,3.445,words/clean/a07-order.wav,clean,,,
a07,a,words,order,robot three make green crate,make,green crate,chatterbox,0.216,3.445,words/snr30/a07-order.wav,snr30,30.0,32.64,conveyor-belt+robot-motors
a07,a,words,order,robot three make green crate,make,green crate,chatterbox,0.216,3.445,words/snr20/a07-order.wav,snr20,20.0,21.21,conveyor-belt
a07,a,words,order,robot three make green crate,make,green crate,chatterbox,0.216,3.445,words/snr10/a07-order.wav,snr10,10.0,13.82,sorting-centre
a07,a,words,order,robot three make green crate,make,green crate,chatterbox,0.216,3.445,words/snr5/a07-order.wav,snr5,5.0,8.42,conveyor-belt+robot-motors
a07,a,words,order,robot three make green crate,make,green crate,chatterbox,0.216,3.445,words/snr0/a07-order.wav,snr0,0.0,5.71,workshop-hall+robot-motors
a07,a,words,order,robot three make green crate,make,green crate,chatterbox,0.216,3.445,words/snrm5/a07-order.wav,snrm5,-5.0,-4.65,conveyor-belt
a08,a,words,order,robot three make grey box,make,grey box,chatterbox,0.533,3.781,words/clean/a08-order.wav,clean,,,
a08,a,words,order,robot three make grey box,make,grey box,chatterbox,0.533,3.781,words/snr30/a08-order.wav,snr30,30.0,34.01,workshop-hall+robot-motors
a08,a,words,order,robot three make grey box,make,grey box,chatterbox,0.533,3.781,words/snr20/a08-order.wav,snr20,20.0,22.07,conveyor-belt+robot-motors
a08,a,words,order,robot three make grey box,make,grey box,chatterbox,0.533,3.781,words/snr10/a08-order.wav,snr10,10.0,15.04,workshop-hall+robot-motors
a08,a,words,order,robot three make grey box,make,grey box,chatterbox,0.533,3.781,words/snr5/a08-order.wav,snr5,5.0,8.16,sorting-centre
a08,a,words,order,robot three make grey box,make,grey box,chatterbox,0.533,3.781,words/snr0/a08-order.wav,snr0,0.0,5.25,factory-impacts+robot-motors
a08,a,words,order,robot three make grey box,make,grey box,chatterbox,0.533,3.781,words/snrm5/a08-order.wav,snrm5,-5.0,-0.28,workshop-hall+robot-motors
a09,a,words,order,robot three stop now,stop,,chatterbox,0.194,2.855,words/clean/a09-order.wav,clean,,,
a09,a,words,order,robot three stop now,stop,,chatterbox,0.194,2.855,words/snr30/a09-order.wav,snr30,30.0,35.26,factory-impacts+robot-motors
a09,a,words,order,robot three stop now,stop,,chatterbox,0.194,2.855,words/snr20/a09-order.wav,snr20,20.0,23.23,sorting-centre
a09,a,words,order,robot three stop now,stop,,chatterbox,0.194,2.855,words/snr10/a09-order.wav,snr10,10.0,13.36,sorting-centre
a09,a,words,order,robot three stop now,stop,,chatterbox,0.194,2.855,words/snr5/a09-order.wav,snr5,5.0,9.4,workshop-hall+robot-motors
a09,a,words,order,robot three stop now,stop,,chatterbox,0.194,2.855,words/snr0/a09-order.wav,snr0,0.0,3.36,sorting-centre
a09,a,words,order,robot three stop now,stop,,chatterbox,0.194,2.855,words/snrm5/a09-order.wav,snrm5,-5.0,-0.6,workshop-hall+robot-motors
a10,a,words,order,robot three go forward,forward,,chatterbox,0.227,2.704,words/clean/a10-order.wav,clean,,,
a10,a,words,order,robot three go forward,forward,,chatterbox,0.227,2.704,words/snr30/a10-order.wav,snr30,30.0,33.04,sorting-centre+robot-motors
a10,a,words,order,robot three go forward,forward,,chatterbox,0.227,2.704,words/snr20/a10-order.wav,snr20,20.0,24.25,factory-impacts+robot-motors
a10,a,words,order,robot three go forward,forward,,chatterbox,0.227,2.704,words/snr10/a10-order.wav,snr10,10.0,13.66,factory-impacts+robot-motors
a10,a,words,order,robot three go forward,forward,,chatterbox,0.227,2.704,words/snr5/a10-order.wav,snr5,5.0,7.49,sorting-centre
a10,a,words,order,robot three go forward,forward,,chatterbox,0.227,2.704,words/snr0/a10-order.wav,snr0,-0.0,0.96,conveyor-belt+robot-motors
a10,a,words,order,robot three go forward,forward,,chatterbox,0.227,2.704,words/snrm5/a10-order.wav,snrm5,-5.0,-3.41,conveyor-belt+robot-motors
a11,a,words,order,robot three left,turn_left,,chatterbox,0.396,2.294,words/clean/a11-order.wav,clean,,,
a11,a,words,order,robot three left,turn_left,,chatterbox,0.396,2.294,words/snr30/a11-order.wav,snr30,30.0,34.45,workshop-hall
a11,a,words,order,robot three left,turn_left,,chatterbox,0.396,2.294,words/snr20/a11-order.wav,snr20,20.0,20.37,conveyor-belt
a11,a,words,order,robot three left,turn_left,,chatterbox,0.396,2.294,words/snr10/a11-order.wav,snr10,10.0,13.07,sorting-centre+robot-motors
a11,a,words,order,robot three left,turn_left,,chatterbox,0.396,2.294,words/snr5/a11-order.wav,snr5,5.0,9.11,workshop-hall+robot-motors
a11,a,words,order,robot three left,turn_left,,chatterbox,0.396,2.294,words/snr0/a11-order.wav,snr0,-0.0,2.8,sorting-centre
a11,a,words,order,robot three left,turn_left,,chatterbox,0.396,2.294,words/snrm5/a11-order.wav,snrm5,-5.0,-1.76,sorting-centre+robot-motors
a12,a,words,order,robot three right,turn_right,,chatterbox,0.284,2.103,words/clean/a12-order.wav,clean,,,
a12,a,words,order,robot three right,turn_right,,chatterbox,0.284,2.103,words/snr30/a12-order.wav,snr30,30.0,33.06,sorting-centre
a12,a,words,order,robot three right,turn_right,,chatterbox,0.284,2.103,words/snr20/a12-order.wav,snr20,20.0,23.33,sorting-centre+robot-motors
a12,a,words,order,robot three right,turn_right,,chatterbox,0.284,2.103,words/snr10/a12-order.wav,snr10,10.0,14.61,factory-impacts+robot-motors
a12,a,words,order,robot three right,turn_right,,chatterbox,0.284,2.103,words/snr5/a12-order.wav,snr5,5.0,9.73,workshop-hall
a12,a,words,order,robot three right,turn_right,,chatterbox,0.284,2.103,words/snr0/a12-order.wav,snr0,0.0,3.34,sorting-centre
a12,a,words,order,robot three right,turn_right,,chatterbox,0.284,2.103,words/snrm5/a12-order.wav,snrm5,-5.0,-0.22,workshop-hall
a13,a,words,order,robot three carry green crate,carry,green crate,chatterbox,0.41,3.67,words/clean/a13-order.wav,clean,,,
a13,a,words,order,robot three carry green crate,carry,green crate,chatterbox,0.41,3.67,words/snr30/a13-order.wav,snr30,30.0,35.17,workshop-hall
a13,a,words,order,robot three carry green crate,carry,green crate,chatterbox,0.41,3.67,words/snr20/a13-order.wav,snr20,20.0,23.7,sorting-centre
a13,a,words,order,robot three carry green crate,carry,green crate,chatterbox,0.41,3.67,words/snr10/a13-order.wav,snr10,10.0,12.77,conveyor-belt+robot-motors
a13,a,words,order,robot three carry green crate,carry,green crate,chatterbox,0.41,3.67,words/snr5/a13-order.wav,snr5,5.0,5.69,conveyor-belt
a13,a,words,order,robot three carry green crate,carry,green crate,chatterbox,0.41,3.67,words/snr0/a13-order.wav,snr0,-0.0,2.4,conveyor-belt+robot-motors
a13,a,words,order,robot three carry green crate,carry,green crate,chatterbox,0.41,3.67,words/snrm5/a13-order.wav,snrm5,-5.0,0.16,workshop-hall
a14,a,words,order,robot three make blue pallet,make,blue pallet,chatterbox,0.428,3.601,words/clean/a14-order.wav,clean,,,
a14,a,words,order,robot three make blue pallet,make,blue pallet,chatterbox,0.428,3.601,words/snr30/a14-order.wav,snr30,30.0,33.5,sorting-centre
a14,a,words,order,robot three make blue pallet,make,blue pallet,chatterbox,0.428,3.601,words/snr20/a14-order.wav,snr20,20.0,21.0,conveyor-belt
a14,a,words,order,robot three make blue pallet,make,blue pallet,chatterbox,0.428,3.601,words/snr10/a14-order.wav,snr10,10.0,14.62,workshop-hall+robot-motors
a14,a,words,order,robot three make blue pallet,make,blue pallet,chatterbox,0.428,3.601,words/snr5/a14-order.wav,snr5,5.0,9.75,factory-impacts+robot-motors
a14,a,words,order,robot three make blue pallet,make,blue pallet,chatterbox,0.428,3.601,words/snr0/a14-order.wav,snr0,-0.0,5.1,workshop-hall
a14,a,words,order,robot three make blue pallet,make,blue pallet,chatterbox,0.428,3.601,words/snrm5/a14-order.wav,snrm5,-5.0,1.16,factory-impacts
a15,a,words,order,robot three why,why,,chatterbox,0.351,2.116,words/clean/a15-order.wav,clean,,,
a15,a,words,order,robot three why,why,,chatterbox,0.351,2.116,words/snr30/a15-order.wav,snr30,30.0,32.15,conveyor-belt+robot-motors
a15,a,words,order,robot three why,why,,chatterbox,0.351,2.116,words/snr20/a15-order.wav,snr20,20.0,22.18,conveyor-belt+robot-motors
a15,a,words,order,robot three why,why,,chatterbox,0.351,2.116,words/snr10/a15-order.wav,snr10,10.0,11.64,conveyor-belt+robot-motors
a15,a,words,order,robot three why,why,,chatterbox,0.351,2.116,words/snr5/a15-order.wav,snr5,5.0,7.96,sorting-centre
a15,a,words,order,robot three why,why,,chatterbox,0.351,2.116,words/snr0/a15-order.wav,snr0,0.0,4.74,factory-impacts+robot-motors
a15,a,words,order,robot three why,why,,chatterbox,0.351,2.116,words/snrm5/a15-order.wav,snrm5,-5.0,-2.0,sorting-centre+robot-motors
b01,b,words,order,robot three forward,forward,,chatterbox,0.34,2.371,words/clean/b01-order.wav,clean,,,
b01,b,words,order,robot three forward,forward,,chatterbox,0.34,2.371,words/snr30/b01-order.wav,snr30,30.0,32.77,sorting-centre+robot-motors
b01,b,words,order,robot three forward,forward,,chatterbox,0.34,2.371,words/snr20/b01-order.wav,snr20,20.0,24.17,factory-impacts
b01,b,words,order,robot three forward,forward,,chatterbox,0.34,2.371,words/snr10/b01-order.wav,snr10,10.0,14.03,factory-impacts+robot-motors
b01,b,words,order,robot three forward,forward,,chatterbox,0.34,2.371,words/snr5/b01-order.wav,snr5,5.0,4.86,conveyor-belt
b01,b,words,order,robot three forward,forward,,chatterbox,0.34,2.371,words/snr0/b01-order.wav,snr0,-0.0,4.37,workshop-hall
b01,b,words,order,robot three forward,forward,,chatterbox,0.34,2.371,words/snrm5/b01-order.wav,snrm5,-5.0,-0.85,workshop-hall+robot-motors
b02,b,words,order,robot three stop,stop,,chatterbox,0.46,2.401,words/clean/b02-order.wav,clean,,,
b02,b,words,order,robot three stop,stop,,chatterbox,0.46,2.401,words/snr30/b02-order.wav,snr30,30.0,34.06,workshop-hall
b02,b,words,order,robot three stop,stop,,chatterbox,0.46,2.401,words/snr20/b02-order.wav,snr20,20.0,23.89,workshop-hall+robot-motors
b02,b,words,order,robot three stop,stop,,chatterbox,0.46,2.401,words/snr10/b02-order.wav,snr10,10.0,14.1,factory-impacts+robot-motors
b02,b,words,order,robot three stop,stop,,chatterbox,0.46,2.401,words/snr5/b02-order.wav,snr5,5.0,6.07,conveyor-belt+robot-motors
b02,b,words,order,robot three stop,stop,,chatterbox,0.46,2.401,words/snr0/b02-order.wav,snr0,0.0,2.77,sorting-centre
b02,b,words,order,robot three stop,stop,,chatterbox,0.46,2.401,words/snrm5/b02-order.wav,snrm5,-5.0,-2.36,sorting-centre
b03,b,words,order,robot three turn left,turn_left,,chatterbox,0.204,3.147,words/clean/b03-order.wav,clean,,,
b03,b,words,order,robot three turn left,turn_left,,chatterbox,0.204,3.147,words/snr30/b03-order.wav,snr30,30.0,34.82,factory-impacts+robot-motors
b03,b,words,order,robot three turn left,turn_left,,chatterbox,0.204,3.147,words/snr20/b03-order.wav,snr20,20.0,25.4,workshop-hall+robot-motors
b03,b,words,order,robot three turn left,turn_left,,chatterbox,0.204,3.147,words/snr10/b03-order.wav,snr10,10.0,13.81,sorting-centre+robot-motors
b03,b,words,order,robot three turn left,turn_left,,chatterbox,0.204,3.147,words/snr5/b03-order.wav,snr5,5.0,10.25,factory-impacts
b03,b,words,order,robot three turn left,turn_left,,chatterbox,0.204,3.147,words/snr0/b03-order.wav,snr0,0.0,5.28,factory-impacts
b03,b,words,order,robot three turn left,turn_left,,chatterbox,0.204,3.147,words/snrm5/b03-order.wav,snrm5,-5.0,1.32,factory-impacts
b04,b,words,order,robot three turn right,turn_right,,chatterbox,0.242,3.689,words/clean/b04-order.wav,clean,,,
b04,b,words,order,robot three turn right,turn_right,,chatterbox,0.242,3.689,words/snr30/b04-order.wav,snr30,30.0,34.88,factory-impacts+robot-motors
b04,b,words,order,robot three turn right,turn_right,,chatterbox,0.242,3.689,words/snr20/b04-order.wav,snr20,20.0,23.3,sorting-centre
b04,b,words,order,robot three turn right,turn_right,,chatterbox,0.242,3.689,words/snr10/b04-order.wav,snr10,10.0,14.18,workshop-hall+robot-motors
b04,b,words,order,robot three turn right,turn_right,,chatterbox,0.242,3.689,words/snr5/b04-order.wav,snr5,5.0,7.6,conveyor-belt+robot-motors
b04,b,words,order,robot three turn right,turn_right,,chatterbox,0.242,3.689,words/snr0/b04-order.wav,snr0,0.0,4.92,workshop-hall
b04,b,words,order,robot three turn right,turn_right,,chatterbox,0.242,3.689,words/snrm5/b04-order.wav,snrm5,-5.0,-4.92,conveyor-belt
b05,b,words,order,robot three carry blue pallet,carry,blue pallet,chatterbox,0.321,3.54,words/clean/b05-order.wav,clean,,,
b05,b,words,order,robot three carry blue pallet,carry,blue pallet,chatterbox,0.321,3.54,words/snr30/b05-order.wav,snr30,30.0,33.03,sorting-centre
b05,b,words,order,robot three carry blue pallet,carry,blue pallet,chatterbox,0.321,3.54,words/snr20/b05-order.wav,snr20,20.0,24.64,factory-impacts+robot-motors
b05,b,words,order,robot three carry blue pallet,carry,blue pallet,chatterbox,0.321,3.54,words/snr10/b05-order.wav,snr10,10.0,11.58,conveyor-belt+robot-motors
b05,b,words,order,robot three carry blue pallet,carry,blue pallet,chatterbox,0.321,3.54,words/snr5/b05-order.wav,snr5,5.0,5.29,conveyor-belt
b05,b,words,order,robot three carry blue pallet,carry,blue pallet,chatterbox,0.321,3.54,words/snr0/b05-order.wav,snr0,-0.0,3.16,sorting-centre
b05,b,words,order,robot three carry blue pallet,carry,blue pallet,chatterbox,0.321,3.54,words/snrm5/b05-order.wav,snrm5,-5.0,-0.77,workshop-hall+robot-motors
b06,b,words,order,robot three carry red pallet,carry,red pallet,chatterbox,0.407,3.743,words/clean/b06-order.wav,clean,,,
b06,b,words,order,robot three carry red pallet,carry,red pallet,chatterbox,0.407,3.743,words/snr30/b06-order.wav,snr30,30.0,33.75,workshop-hall+robot-motors
b06,b,words,order,robot three carry red pallet,carry,red pallet,chatterbox,0.407,3.743,words/snr20/b06-order.wav,snr20,20.0,24.23,workshop-hall
b06,b,words,order,robot three carry red pallet,carry,red pallet,chatterbox,0.407,3.743,words/snr10/b06-order.wav,snr10,10.0,14.32,workshop-hall
b06,b,words,order,robot three carry red pallet,carry,red pallet,chatterbox,0.407,3.743,words/snr5/b06-order.wav,snr5,5.0,10.15,factory-impacts
b06,b,words,order,robot three carry red pallet,carry,red pallet,chatterbox,0.407,3.743,words/snr0/b06-order.wav,snr0,0.0,2.4,sorting-centre
b06,b,words,order,robot three carry red pallet,carry,red pallet,chatterbox,0.407,3.743,words/snrm5/b06-order.wav,snrm5,-5.0,-2.2,sorting-centre+robot-motors
b07,b,words,order,robot three make green crate,make,green crate,chatterbox,0.443,3.745,words/clean/b07-order.wav,clean,,,
b07,b,words,order,robot three make green crate,make,green crate,chatterbox,0.443,3.745,words/snr30/b07-order.wav,snr30,30.0,35.61,workshop-hall+robot-motors
b07,b,words,order,robot three make green crate,make,green crate,chatterbox,0.443,3.745,words/snr20/b07-order.wav,snr20,20.0,24.33,sorting-centre
b07,b,words,order,robot three make green crate,make,green crate,chatterbox,0.443,3.745,words/snr10/b07-order.wav,snr10,10.0,11.58,conveyor-belt
b07,b,words,order,robot three make green crate,make,green crate,chatterbox,0.443,3.745,words/snr5/b07-order.wav,snr5,5.0,8.02,conveyor-belt+robot-motors
b07,b,words,order,robot three make green crate,make,green crate,chatterbox,0.443,3.745,words/snr0/b07-order.wav,snr0,0.0,2.38,conveyor-belt
b07,b,words,order,robot three make green crate,make,green crate,chatterbox,0.443,3.745,words/snrm5/b07-order.wav,snrm5,-5.0,-1.85,conveyor-belt+robot-motors
b08,b,words,order,robot three make grey box,make,grey box,chatterbox,0.397,3.859,words/clean/b08-order.wav,clean,,,
b08,b,words,order,robot three make grey box,make,grey box,chatterbox,0.397,3.859,words/snr30/b08-order.wav,snr30,30.0,34.22,workshop-hall+robot-motors
b08,b,words,order,robot three make grey box,make,grey box,chatterbox,0.397,3.859,words/snr20/b08-order.wav,snr20,20.0,24.72,workshop-hall
b08,b,words,order,robot three make grey box,make,grey box,chatterbox,0.397,3.859,words/snr10/b08-order.wav,snr10,10.0,10.8,conveyor-belt
b08,b,words,order,robot three make grey box,make,grey box,chatterbox,0.397,3.859,words/snr5/b08-order.wav,snr5,5.0,7.16,conveyor-belt+robot-motors
b08,b,words,order,robot three make grey box,make,grey box,chatterbox,0.397,3.859,words/snr0/b08-order.wav,snr0,-0.0,1.87,conveyor-belt+robot-motors
b08,b,words,order,robot three make grey box,make,grey box,chatterbox,0.397,3.859,words/snrm5/b08-order.wav,snrm5,-5.0,-0.34,workshop-hall
b09,b,words,order,robot three stop now,stop,,chatterbox,0.194,2.799,words/clean/b09-order.wav,clean,,,
b09,b,words,order,robot three stop now,stop,,chatterbox,0.194,2.799,words/snr30/b09-order.wav,snr30,30.0,35.4,factory-impacts
b09,b,words,order,robot three stop now,stop,,chatterbox,0.194,2.799,words/snr20/b09-order.wav,snr20,20.0,23.01,sorting-centre
b09,b,words,order,robot three stop now,stop,,chatterbox,0.194,2.799,words/snr10/b09-order.wav,snr10,10.0,11.57,conveyor-belt+robot-motors
b09,b,words,order,robot three stop now,stop,,chatterbox,0.194,2.799,words/snr5/b09-order.wav,snr5,5.0,9.36,workshop-hall+robot-motors
b09,b,words,order,robot three stop now,stop,,chatterbox,0.194,2.799,words/snr0/b09-order.wav,snr0,0.0,1.51,conveyor-belt+robot-motors
b09,b,words,order,robot three stop now,stop,,chatterbox,0.194,2.799,words/snrm5/b09-order.wav,snrm5,-5.0,0.56,factory-impacts
b10,b,words,order,robot three go forward,forward,,chatterbox,0.27,2.736,words/clean/b10-order.wav,clean,,,
b10,b,words,order,robot three go forward,forward,,chatterbox,0.27,2.736,words/snr30/b10-order.wav,snr30,30.0,34.5,workshop-hall
b10,b,words,order,robot three go forward,forward,,chatterbox,0.27,2.736,words/snr20/b10-order.wav,snr20,20.0,24.71,factory-impacts+robot-motors
b10,b,words,order,robot three go forward,forward,,chatterbox,0.27,2.736,words/snr10/b10-order.wav,snr10,10.0,14.36,workshop-hall
b10,b,words,order,robot three go forward,forward,,chatterbox,0.27,2.736,words/snr5/b10-order.wav,snr5,5.0,9.76,workshop-hall+robot-motors
b10,b,words,order,robot three go forward,forward,,chatterbox,0.27,2.736,words/snr0/b10-order.wav,snr0,-0.0,4.5,factory-impacts
b10,b,words,order,robot three go forward,forward,,chatterbox,0.27,2.736,words/snrm5/b10-order.wav,snrm5,-5.0,0.1,factory-impacts
b11,b,words,order,robot three left,turn_left,,chatterbox,0.306,2.359,words/clean/b11-order.wav,clean,,,
b11,b,words,order,robot three left,turn_left,,chatterbox,0.306,2.359,words/snr30/b11-order.wav,snr30,30.0,33.49,sorting-centre+robot-motors
b11,b,words,order,robot three left,turn_left,,chatterbox,0.306,2.359,words/snr20/b11-order.wav,snr20,20.0,24.76,factory-impacts+robot-motors
b11,b,words,order,robot three left,turn_left,,chatterbox,0.306,2.359,words/snr10/b11-order.wav,snr10,10.0,13.31,sorting-centre
b11,b,words,order,robot three left,turn_left,,chatterbox,0.306,2.359,words/snr5/b11-order.wav,snr5,5.0,9.48,factory-impacts+robot-motors
b11,b,words,order,robot three left,turn_left,,chatterbox,0.306,2.359,words/snr0/b11-order.wav,snr0,0.0,2.01,conveyor-belt+robot-motors
b11,b,words,order,robot three left,turn_left,,chatterbox,0.306,2.359,words/snrm5/b11-order.wav,snrm5,-5.0,-0.19,workshop-hall+robot-motors
b12,b,words,order,robot three right,turn_right,,chatterbox,0.529,3.117,words/clean/b12-order.wav,clean,,,
b12,b,words,order,robot three right,turn_right,,chatterbox,0.529,3.117,words/snr30/b12-order.wav,snr30,30.0,34.94,workshop-hall+robot-motors
b12,b,words,order,robot three right,turn_right,,chatterbox,0.529,3.117,words/snr20/b12-order.wav,snr20,20.0,25.68,factory-impacts
b12,b,words,order,robot three right,turn_right,,chatterbox,0.529,3.117,words/snr10/b12-order.wav,snr10,10.0,11.02,conveyor-belt
b12,b,words,order,robot three right,turn_right,,chatterbox,0.529,3.117,words/snr5/b12-order.wav,snr5,5.0,8.05,sorting-centre
b12,b,words,order,robot three right,turn_right,,chatterbox,0.529,3.117,words/snr0/b12-order.wav,snr0,0.0,3.83,sorting-centre+robot-motors
b12,b,words,order,robot three right,turn_right,,chatterbox,0.529,3.117,words/snrm5/b12-order.wav,snrm5,-5.0,-2.86,conveyor-belt+robot-motors
b13,b,words,order,robot three carry green crate,carry,green crate,chatterbox,0.284,3.566,words/clean/b13-order.wav,clean,,,
b13,b,words,order,robot three carry green crate,carry,green crate,chatterbox,0.284,3.566,words/snr30/b13-order.wav,snr30,30.0,35.84,workshop-hall
b13,b,words,order,robot three carry green crate,carry,green crate,chatterbox,0.284,3.566,words/snr20/b13-order.wav,snr20,20.0,22.51,conveyor-belt+robot-motors
b13,b,words,order,robot three carry green crate,carry,green crate,chatterbox,0.284,3.566,words/snr10/b13-order.wav,snr10,10.0,12.77,conveyor-belt+robot-motors
b13,b,words,order,robot three carry green crate,carry,green crate,chatterbox,0.284,3.566,words/snr5/b13-order.wav,snr5,5.0,11.89,factory-impacts
b13,b,words,order,robot three carry green crate,carry,green crate,chatterbox,0.284,3.566,words/snr0/b13-order.wav,snr0,0.0,4.81,sorting-centre+robot-motors
b13,b,words,order,robot three carry green crate,carry,green crate,chatterbox,0.284,3.566,words/snrm5/b13-order.wav,snrm5,-5.0,-2.06,conveyor-belt+robot-motors
b14,b,words,order,robot three make blue pallet,make,blue pallet,chatterbox,0.4,3.645,words/clean/b14-order.wav,clean,,,
b14,b,words,order,robot three make blue pallet,make,blue pallet,chatterbox,0.4,3.645,words/snr30/b14-order.wav,snr30,30.0,33.41,sorting-centre
b14,b,words,order,robot three make blue pallet,make,blue pallet,chatterbox,0.4,3.645,words/snr20/b14-order.wav,snr20,20.0,23.32,sorting-centre
b14,b,words,order,robot three make blue pallet,make,blue pallet,chatterbox,0.4,3.645,words/snr10/b14-order.wav,snr10,10.0,11.42,conveyor-belt
b14,b,words,order,robot three make blue pallet,make,blue pallet,chatterbox,0.4,3.645,words/snr5/b14-order.wav,snr5,5.0,9.4,factory-impacts+robot-motors
b14,b,words,order,robot three make blue pallet,make,blue pallet,chatterbox,0.4,3.645,words/snr0/b14-order.wav,snr0,0.0,4.79,factory-impacts
b14,b,words,order,robot three make blue pallet,make,blue pallet,chatterbox,0.4,3.645,words/snrm5/b14-order.wav,snrm5,-5.0,-0.76,factory-impacts+robot-motors
b15,b,words,order,robot three why,why,,chatterbox,0.479,2.329,words/clean/b15-order.wav,clean,,,
b15,b,words,order,robot three why,why,,chatterbox,0.479,2.329,words/snr30/b15-order.wav,snr30,30.0,33.14,workshop-hall+robot-motors
b15,b,words,order,robot three why,why,,chatterbox,0.479,2.329,words/snr20/b15-order.wav,snr20,20.0,22.92,sorting-centre+robot-motors
b15,b,words,order,robot three why,why,,chatterbox,0.479,2.329,words/snr10/b15-order.wav,snr10,10.0,14.35,factory-impacts
b15,b,words,order,robot three why,why,,chatterbox,0.479,2.329,words/snr5/b15-order.wav,snr5,5.0,9.1,workshop-hall
b15,b,words,order,robot three why,why,,chatterbox,0.479,2.329,words/snr0/b15-order.wav,snr0,0.0,4.15,workshop-hall
b15,b,words,order,robot three why,why,,chatterbox,0.479,2.329,words/snrm5/b15-order.wav,snrm5,-5.0,-0.82,workshop-hall+robot-motors
c01,c,words,order,robot three forward,forward,,chatterbox,0.505,2.635,words/clean/c01-order.wav,clean,,,
c01,c,words,order,robot three forward,forward,,chatterbox,0.505,2.635,words/snr30/c01-order.wav,snr30,30.0,37.54,sorting-centre+robot-motors
c01,c,words,order,robot three forward,forward,,chatterbox,0.505,2.635,words/snr20/c01-order.wav,snr20,20.0,28.74,factory-impacts+robot-motors
c01,c,words,order,robot three forward,forward,,chatterbox,0.505,2.635,words/snr10/c01-order.wav,snr10,10.0,17.6,sorting-centre+robot-motors
c01,c,words,order,robot three forward,forward,,chatterbox,0.505,2.635,words/snr5/c01-order.wav,snr5,5.0,13.93,factory-impacts+robot-motors
c01,c,words,order,robot three forward,forward,,chatterbox,0.505,2.635,words/snr0/c01-order.wav,snr0,0.0,8.68,workshop-hall
c01,c,words,order,robot three forward,forward,,chatterbox,0.505,2.635,words/snrm5/c01-order.wav,snrm5,-5.0,3.34,workshop-hall+robot-motors
c02,c,words,order,robot three stop,stop,,chatterbox,0.518,2.58,words/clean/c02-order.wav,clean,,,
c02,c,words,order,robot three stop,stop,,chatterbox,0.518,2.58,words/snr30/c02-order.wav,snr30,30.0,38.97,workshop-hall
c02,c,words,order,robot three stop,stop,,chatterbox,0.518,2.58,words/snr20/c02-order.wav,snr20,20.0,26.35,conveyor-belt+robot-motors
c02,c,words,order,robot three stop,stop,,chatterbox,0.518,2.58,words/snr10/c02-order.wav,snr10,10.0,18.93,factory-impacts+robot-motors
c02,c,words,order,robot three stop,stop,,chatterbox,0.518,2.58,words/snr5/c02-order.wav,snr5,5.0,15.0,factory-impacts
c02,c,words,order,robot three stop,stop,,chatterbox,0.518,2.58,words/snr0/c02-order.wav,snr0,0.0,4.98,conveyor-belt
c02,c,words,order,robot three stop,stop,,chatterbox,0.518,2.58,words/snrm5/c02-order.wav,snrm5,-5.0,4.66,factory-impacts+robot-motors
c03,c,words,order,robot three turn left,turn_left,,chatterbox,0.536,3.275,words/clean/c03-order.wav,clean,,,
c03,c,words,order,robot three turn left,turn_left,,chatterbox,0.536,3.275,words/snr30/c03-order.wav,snr30,30.0,39.49,factory-impacts+robot-motors
c03,c,words,order,robot three turn left,turn_left,,chatterbox,0.536,3.275,words/snr20/c03-order.wav,snr20,20.0,28.42,sorting-centre+robot-motors
c03,c,words,order,robot three turn left,turn_left,,chatterbox,0.536,3.275,words/snr10/c03-order.wav,snr10,10.0,20.08,workshop-hall+robot-motors
c03,c,words,order,robot three turn left,turn_left,,chatterbox,0.536,3.275,words/snr5/c03-order.wav,snr5,5.0,14.35,workshop-hall+robot-motors
c03,c,words,order,robot three turn left,turn_left,,chatterbox,0.536,3.275,words/snr0/c03-order.wav,snr0,-0.0,9.14,workshop-hall+robot-motors
c03,c,words,order,robot three turn left,turn_left,,chatterbox,0.536,3.275,words/snrm5/c03-order.wav,snrm5,-5.0,3.42,sorting-centre
c04,c,words,order,robot three turn right,turn_right,,chatterbox,0.188,2.708,words/clean/c04-order.wav,clean,,,
c04,c,words,order,robot three turn right,turn_right,,chatterbox,0.188,2.708,words/snr30/c04-order.wav,snr30,30.0,38.35,sorting-centre+robot-motors
c04,c,words,order,robot three turn right,turn_right,,chatterbox,0.188,2.708,words/snr20/c04-order.wav,snr20,20.0,27.5,sorting-centre+robot-motors
c04,c,words,order,robot three turn right,turn_right,,chatterbox,0.188,2.708,words/snr10/c04-order.wav,snr10,10.0,18.99,workshop-hall+robot-motors
c04,c,words,order,robot three turn right,turn_right,,chatterbox,0.188,2.708,words/snr5/c04-order.wav,snr5,5.0,15.11,factory-impacts+robot-motors
c04,c,words,order,robot three turn right,turn_right,,chatterbox,0.188,2.708,words/snr0/c04-order.wav,snr0,0.0,7.04,conveyor-belt+robot-motors
c04,c,words,order,robot three turn right,turn_right,,chatterbox,0.188,2.708,words/snrm5/c04-order.wav,snrm5,-5.0,3.12,sorting-centre+robot-motors
c05,c,words,order,robot three carry blue pallet,carry,blue pallet,chatterbox,0.309,3.701,words/clean/c05-order.wav,clean,,,
c05,c,words,order,robot three carry blue pallet,carry,blue pallet,chatterbox,0.309,3.701,words/snr30/c05-order.wav,snr30,30.0,38.7,sorting-centre+robot-motors
c05,c,words,order,robot three carry blue pallet,carry,blue pallet,chatterbox,0.309,3.701,words/snr20/c05-order.wav,snr20,20.0,27.99,sorting-centre+robot-motors
c05,c,words,order,robot three carry blue pallet,carry,blue pallet,chatterbox,0.309,3.701,words/snr10/c05-order.wav,snr10,10.0,17.9,sorting-centre+robot-motors
c05,c,words,order,robot three carry blue pallet,carry,blue pallet,chatterbox,0.309,3.701,words/snr5/c05-order.wav,snr5,5.0,12.74,sorting-centre+robot-motors
c05,c,words,order,robot three carry blue pallet,carry,blue pallet,chatterbox,0.309,3.701,words/snr0/c05-order.wav,snr0,-0.0,7.55,sorting-centre
c05,c,words,order,robot three carry blue pallet,carry,blue pallet,chatterbox,0.309,3.701,words/snrm5/c05-order.wav,snrm5,-5.0,4.33,factory-impacts
c06,c,words,order,robot three carry red pallet,carry,red pallet,chatterbox,0.484,3.953,words/clean/c06-order.wav,clean,,,
c06,c,words,order,robot three carry red pallet,carry,red pallet,chatterbox,0.484,3.953,words/snr30/c06-order.wav,snr30,30.0,37.46,sorting-centre
c06,c,words,order,robot three carry red pallet,carry,red pallet,chatterbox,0.484,3.953,words/snr20/c06-order.wav,snr20,20.0,27.56,sorting-centre
c06,c,words,order,robot three carry red pallet,carry,red pallet,chatterbox,0.484,3.953,words/snr10/c06-order.wav,snr10,10.0,18.51,workshop-hall+robot-motors
c06,c,words,order,robot three carry red pallet,carry,red pallet,chatterbox,0.484,3.953,words/snr5/c06-order.wav,snr5,5.0,12.69,sorting-centre+robot-motors
c06,c,words,order,robot three carry red pallet,carry,red pallet,chatterbox,0.484,3.953,words/snr0/c06-order.wav,snr0,0.0,5.84,conveyor-belt+robot-motors
c06,c,words,order,robot three carry red pallet,carry,red pallet,chatterbox,0.484,3.953,words/snrm5/c06-order.wav,snrm5,-5.0,5.09,factory-impacts
c07,c,words,order,robot three make green crate,make,green crate,chatterbox,0.285,3.863,words/clean/c07-order.wav,clean,,,
c07,c,words,order,robot three make green crate,make,green crate,chatterbox,0.285,3.863,words/snr30/c07-order.wav,snr30,30.0,39.74,factory-impacts
c07,c,words,order,robot three make green crate,make,green crate,chatterbox,0.285,3.863,words/snr20/c07-order.wav,snr20,20.0,27.95,sorting-centre
c07,c,words,order,robot three make green crate,make,green crate,chatterbox,0.285,3.863,words/snr10/c07-order.wav,snr10,10.0,19.32,workshop-hall+robot-motors
c07,c,words,order,robot three make green crate,make,green crate,chatterbox,0.285,3.863,words/snr5/c07-order.wav,snr5,5.0,15.54,factory-impacts
c07,c,words,order,robot three make green crate,make,green crate,chatterbox,0.285,3.863,words/snr0/c07-order.wav,snr0,-0.0,5.04,conveyor-belt
c07,c,words,order,robot three make green crate,make,green crate,chatterbox,0.285,3.863,words/snrm5/c07-order.wav,snrm5,-5.0,3.09,sorting-centre+robot-motors
c08,c,words,order,robot three make grey box,make,grey box,chatterbox,0.35,3.767,words/clean/c08-order.wav,clean,,,
c08,c,words,order,robot three make grey box,make,grey box,chatterbox,0.35,3.767,words/snr30/c08-order.wav,snr30,30.0,39.61,factory-impacts+robot-motors
c08,c,words,order,robot three make grey box,make,grey box,chatterbox,0.35,3.767,words/snr20/c08-order.wav,snr20,20.0,30.42,factory-impacts
c08,c,words,order,robot three make grey box,make,grey box,chatterbox,0.35,3.767,words/snr10/c08-order.wav,snr10,10.0,16.51,conveyor-belt+robot-motors
c08,c,words,order,robot three make grey box,make,grey box,chatterbox,0.35,3.767,words/snr5/c08-order.wav,snr5,5.0,12.71,sorting-centre
c08,c,words,order,robot three make grey box,make,grey box,chatterbox,0.35,3.767,words/snr0/c08-order.wav,snr0,-0.0,8.07,sorting-centre+robot-motors
c08,c,words,order,robot three make grey box,make,grey box,chatterbox,0.35,3.767,words/snrm5/c08-order.wav,snrm5,-5.0,2.75,sorting-centre
c09,c,words,order,robot three stop now,stop,,chatterbox,0.216,2.901,words/clean/c09-order.wav,clean,,,
c09,c,words,order,robot three stop now,stop,,chatterbox,0.216,2.901,words/snr30/c09-order.wav,snr30,30.0,36.21,conveyor-belt
c09,c,words,order,robot three stop now,stop,,chatterbox,0.216,2.901,words/snr20/c09-order.wav,snr20,20.0,28.46,sorting-centre
c09,c,words,order,robot three stop now,stop,,chatterbox,0.216,2.901,words/snr10/c09-order.wav,snr10,10.0,20.14,workshop-hall
c09,c,words,order,robot three stop now,stop,,chatterbox,0.216,2.901,words/snr5/c09-order.wav,snr5,5.0,15.21,factory-impacts+robot-motors
c09,c,words,order,robot three stop now,stop,,chatterbox,0.216,2.901,words/snr0/c09-order.wav,snr0,0.0,9.96,factory-impacts+robot-motors
c09,c,words,order,robot three stop now,stop,,chatterbox,0.216,2.901,words/snrm5/c09-order.wav,snrm5,-5.0,1.0,conveyor-belt
c10,c,words,order,robot three go forward,forward,,chatterbox,0.256,3.086,words/clean/c10-order.wav,clean,,,
c10,c,words,order,robot three go forward,forward,,chatterbox,0.256,3.086,words/snr30/c10-order.wav,snr30,30.0,39.88,factory-impacts
c10,c,words,order,robot three go forward,forward,,chatterbox,0.256,3.086,words/snr20/c10-order.wav,snr20,20.0,25.36,conveyor-belt+robot-motors
c10,c,words,order,robot three go forward,forward,,chatterbox,0.256,3.086,words/snr10/c10-order.wav,snr10,10.0,19.87,factory-impacts
c10,c,words,order,robot three go forward,forward,,chatterbox,0.256,3.086,words/snr5/c10-order.wav,snr5,5.0,12.69,sorting-centre+robot-motors
c10,c,words,order,robot three go forward,forward,,chatterbox,0.256,3.086,words/snr0/c10-order.wav,snr0,-0.0,4.59,conveyor-belt
c10,c,words,order,robot three go forward,forward,,chatterbox,0.256,3.086,words/snrm5/c10-order.wav,snrm5,-5.0,0.06,conveyor-belt
c11,c,words,order,robot three left,turn_left,,chatterbox,0.502,2.499,words/clean/c11-order.wav,clean,,,
c11,c,words,order,robot three left,turn_left,,chatterbox,0.502,2.499,words/snr30/c11-order.wav,snr30,30.0,35.5,conveyor-belt
c11,c,words,order,robot three left,turn_left,,chatterbox,0.502,2.499,words/snr20/c11-order.wav,snr20,20.0,30.41,factory-impacts
c11,c,words,order,robot three left,turn_left,,chatterbox,0.502,2.499,words/snr10/c11-order.wav,snr10,10.0,17.66,sorting-centre
c11,c,words,order,robot three left,turn_left,,chatterbox,0.502,2.499,words/snr5/c11-order.wav,snr5,5.0,14.36,workshop-hall
c11,c,words,order,robot three left,turn_left,,chatterbox,0.502,2.499,words/snr0/c11-order.wav,snr0,0.0,8.07,sorting-centre+robot-motors
c11,c,words,order,robot three left,turn_left,,chatterbox,0.502,2.499,words/snrm5/c11-order.wav,snrm5,-5.0,0.77,conveyor-belt
c12,c,words,order,robot three right,turn_right,,chatterbox,0.352,2.161,words/clean/c12-order.wav,clean,,,
c12,c,words,order,robot three right,turn_right,,chatterbox,0.352,2.161,words/snr30/c12-order.wav,snr30,30.0,38.37,factory-impacts+robot-motors
c12,c,words,order,robot three right,turn_right,,chatterbox,0.352,2.161,words/snr20/c12-order.wav,snr20,20.0,28.47,workshop-hall+robot-motors
c12,c,words,order,robot three right,turn_right,,chatterbox,0.352,2.161,words/snr10/c12-order.wav,snr10,10.0,18.64,workshop-hall+robot-motors
c12,c,words,order,robot three right,turn_right,,chatterbox,0.352,2.161,words/snr5/c12-order.wav,snr5,5.0,10.19,conveyor-belt
c12,c,words,order,robot three right,turn_right,,chatterbox,0.352,2.161,words/snr0/c12-order.wav,snr0,0.0,8.94,factory-impacts+robot-motors
c12,c,words,order,robot three right,turn_right,,chatterbox,0.352,2.161,words/snrm5/c12-order.wav,snrm5,-5.0,-0.22,conveyor-belt
c13,c,words,order,robot three carry green crate,carry,green crate,chatterbox,0.232,3.864,words/clean/c13-order.wav,clean,,,
c13,c,words,order,robot three carry green crate,carry,green crate,chatterbox,0.232,3.864,words/snr30/c13-order.wav,snr30,30.0,39.28,workshop-hall
c13,c,words,order,robot three carry green crate,carry,green crate,chatterbox,0.232,3.864,words/snr20/c13-order.wav,snr20,20.0,25.73,conveyor-belt
c13,c,words,order,robot three carry green crate,carry,green crate,chatterbox,0.232,3.864,words/snr10/c13-order.wav,snr10,10.0,18.89,factory-impacts+robot-motors
c13,c,words,order,robot three carry green crate,carry,green crate,chatterbox,0.232,3.864,words/snr5/c13-order.wav,snr5,5.0,14.23,factory-impacts+robot-motors
c13,c,words,order,robot three carry green crate,carry,green crate,chatterbox,0.232,3.864,words/snr0/c13-order.wav,snr0,0.0,10.16,factory-impacts
c13,c,words,order,robot three carry green crate,carry,green crate,chatterbox,0.232,3.864,words/snrm5/c13-order.wav,snrm5,-5.0,0.69,conveyor-belt
c14,c,words,order,robot three make blue pallet,make,blue pallet,chatterbox,0.43,3.774,words/clean/c14-order.wav,clean,,,
c14,c,words,order,robot three make blue pallet,make,blue pallet,chatterbox,0.43,3.774,words/snr30/c14-order.wav,snr30,30.0,39.61,workshop-hall
c14,c,words,order,robot three make blue pallet,make,blue pallet,chatterbox,0.43,3.774,words/snr20/c14-order.wav,snr20,20.0,29.55,workshop-hall+robot-motors
c14,c,words,order,robot three make blue pallet,make,blue pallet,chatterbox,0.43,3.774,words/snr10/c14-order.wav,snr10,10.0,19.8,workshop-hall+robot-motors
c14,c,words,order,robot three make blue pallet,make,blue pallet,chatterbox,0.43,3.774,words/snr5/c14-order.wav,snr5,5.0,14.45,factory-impacts+robot-motors
c14,c,words,order,robot three make blue pallet,make,blue pallet,chatterbox,0.43,3.774,words/snr0/c14-order.wav,snr0,0.0,9.25,workshop-hall+robot-motors
c14,c,words,order,robot three make blue pallet,make,blue pallet,chatterbox,0.43,3.774,words/snrm5/c14-order.wav,snrm5,-5.0,2.38,conveyor-belt+robot-motors
c15,c,words,order,robot three why,why,,chatterbox,0.525,2.574,words/clean/c15-order.wav,clean,,,
c15,c,words,order,robot three why,why,,chatterbox,0.525,2.574,words/snr30/c15-order.wav,snr30,30.0,39.55,factory-impacts+robot-motors
c15,c,words,order,robot three why,why,,chatterbox,0.525,2.574,words/snr20/c15-order.wav,snr20,20.0,25.35,conveyor-belt
c15,c,words,order,robot three why,why,,chatterbox,0.525,2.574,words/snr10/c15-order.wav,snr10,10.0,18.29,sorting-centre+robot-motors
c15,c,words,order,robot three why,why,,chatterbox,0.525,2.574,words/snr5/c15-order.wav,snr5,5.0,10.1,conveyor-belt
c15,c,words,order,robot three why,why,,chatterbox,0.525,2.574,words/snr0/c15-order.wav,snr0,0.0,6.01,conveyor-belt
c15,c,words,order,robot three why,why,,chatterbox,0.525,2.574,words/snrm5/c15-order.wav,snrm5,-5.0,3.93,factory-impacts+robot-motors
d01,d,words,order,robot three forward,forward,,chatterbox,0.22,2.559,words/clean/d01-order.wav,clean,,,
d01,d,words,order,robot three forward,forward,,chatterbox,0.22,2.559,words/snr30/d01-order.wav,snr30,30.0,31.88,sorting-centre
d01,d,words,order,robot three forward,forward,,chatterbox,0.22,2.559,words/snr20/d01-order.wav,snr20,20.0,21.22,conveyor-belt+robot-motors
d01,d,words,order,robot three forward,forward,,chatterbox,0.22,2.559,words/snr10/d01-order.wav,snr10,10.0,13.53,workshop-hall+robot-motors
d01,d,words,order,robot three forward,forward,,chatterbox,0.22,2.559,words/snr5/d01-order.wav,snr5,5.0,5.91,conveyor-belt+robot-motors
d01,d,words,order,robot three forward,forward,,chatterbox,0.22,2.559,words/snr0/d01-order.wav,snr0,0.0,3.51,workshop-hall
d01,d,words,order,robot three forward,forward,,chatterbox,0.22,2.559,words/snrm5/d01-order.wav,snrm5,-5.0,-5.63,conveyor-belt
d02,d,words,order,robot three stop,stop,,chatterbox,0.545,2.737,words/clean/d02-order.wav,clean,,,
d02,d,words,order,robot three stop,stop,,chatterbox,0.545,2.737,words/snr30/d02-order.wav,snr30,30.0,33.19,workshop-hall+robot-motors
d02,d,words,order,robot three stop,stop,,chatterbox,0.545,2.737,words/snr20/d02-order.wav,snr20,20.0,23.88,workshop-hall
d02,d,words,order,robot three stop,stop,,chatterbox,0.545,2.737,words/snr10/d02-order.wav,snr10,10.0,12.43,sorting-centre+robot-motors
d02,d,words,order,robot three stop,stop,,chatterbox,0.545,2.737,words/snr5/d02-order.wav,snr5,5.0,5.53,conveyor-belt+robot-motors
d02,d,words,order,robot three stop,stop,,chatterbox,0.545,2.737,words/snr0/d02-order.wav,snr0,0.0,2.19,sorting-centre+robot-motors
d02,d,words,order,robot three stop,stop,,chatterbox,0.545,2.737,words/snrm5/d02-order.wav,snrm5,-5.0,-4.3,conveyor-belt+robot-motors
d03,d,words,order,robot three turn left,turn_left,,chatterbox,0.488,3.474,words/clean/d03-order.wav,clean,,,
d03,d,words,order,robot three turn left,turn_left,,chatterbox,0.488,3.474,words/snr30/d03-order.wav,snr30,30.0,34.22,workshop-hall+robot-motors
d03,d,words,order,robot three turn left,turn_left,,chatterbox,0.488,3.474,words/snr20/d03-order.wav,snr20,20.0,20.52,conveyor-belt
d03,d,words,order,robot three turn left,turn_left,,chatterbox,0.488,3.474,words/snr10/d03-order.wav,snr10,10.0,11.04,conveyor-belt+robot-motors
d03,d,words,order,robot three turn left,turn_left,,chatterbox,0.488,3.474,words/snr5/d03-order.wav,snr5,5.0,6.26,conveyor-belt+robot-motors
d03,d,words,order,robot three turn left,turn_left,,chatterbox,0.488,3.474,words/snr0/d03-order.wav,snr0,0.0,4.24,factory-impacts+robot-motors
d03,d,words,order,robot three turn left,turn_left,,chatterbox,0.488,3.474,words/snrm5/d03-order.wav,snrm5,-5.0,-0.96,workshop-hall
d04,d,words,order,robot three turn right,turn_right,,chatterbox,0.423,3.245,words/clean/d04-order.wav,clean,,,
d04,d,words,order,robot three turn right,turn_right,,chatterbox,0.423,3.245,words/snr30/d04-order.wav,snr30,30.0,33.53,workshop-hall+robot-motors
d04,d,words,order,robot three turn right,turn_right,,chatterbox,0.423,3.245,words/snr20/d04-order.wav,snr20,20.0,23.89,factory-impacts+robot-motors
d04,d,words,order,robot three turn right,turn_right,,chatterbox,0.423,3.245,words/snr10/d04-order.wav,snr10,10.0,14.1,factory-impacts+robot-motors
d04,d,words,order,robot three turn right,turn_right,,chatterbox,0.423,3.245,words/snr5/d04-order.wav,snr5,5.0,7.59,sorting-centre+robot-motors
d04,d,words,order,robot three turn right,turn_right,,chatterbox,0.423,3.245,words/snr0/d04-order.wav,snr0,0.0,2.17,conveyor-belt+robot-motors
d04,d,words,order,robot three turn right,turn_right,,chatterbox,0.423,3.245,words/snrm5/d04-order.wav,snrm5,-5.0,-0.18,factory-impacts
d05,d,words,order,robot three carry blue pallet,carry,blue pallet,chatterbox,0.253,3.967,words/clean/d05-order.wav,clean,,,
d05,d,words,order,robot three carry blue pallet,carry,blue pallet,chatterbox,0.253,3.967,words/snr30/d05-order.wav,snr30,30.0,34.55,factory-impacts
d05,d,words,order,robot three carry blue pallet,carry,blue pallet,chatterbox,0.253,3.967,words/snr20/d05-order.wav,snr20,20.0,21.9,sorting-centre
d05,d,words,order,robot three carry blue pallet,carry,blue pallet,chatterbox,0.253,3.967,words/snr10/d05-order.wav,snr10,10.0,13.24,factory-impacts+robot-motors
d05,d,words,order,robot three carry blue pallet,carry,blue pallet,chatterbox,0.253,3.967,words/snr5/d05-order.wav,snr5,5.0,3.85,conveyor-belt
d05,d,words,order,robot three carry blue pallet,carry,blue pallet,chatterbox,0.253,3.967,words/snr0/d05-order.wav,snr0,0.0,2.12,sorting-centre
d05,d,words,order,robot three carry blue pallet,carry,blue pallet,chatterbox,0.253,3.967,words/snrm5/d05-order.wav,snrm5,-5.0,-3.15,sorting-centre
d06,d,words,order,robot three carry red pallet,carry,red pallet,chatterbox,0.357,4.083,words/clean/d06-order.wav,clean,,,
d06,d,words,order,robot three carry red pallet,carry,red pallet,chatterbox,0.357,4.083,words/snr30/d06-order.wav,snr30,30.0,33.12,sorting-centre+robot-motors
d06,d,words,order,robot three carry red pallet,carry,red pallet,chatterbox,0.357,4.083,words/snr20/d06-order.wav,snr20,20.0,23.48,factory-impacts+robot-motors
d06,d,words,order,robot three carry red pallet,carry,red pallet,chatterbox,0.357,4.083,words/snr10/d06-order.wav,snr10,10.0,9.94,conveyor-belt
d06,d,words,order,robot three carry red pallet,carry,red pallet,chatterbox,0.357,4.083,words/snr5/d06-order.wav,snr5,5.0,8.57,workshop-hall+robot-motors
d06,d,words,order,robot three carry red pallet,carry,red pallet,chatterbox,0.357,4.083,words/snr0/d06-order.wav,snr0,0.0,3.47,factory-impacts+robot-motors
d06,d,words,order,robot three carry red pallet,carry,red pallet,chatterbox,0.357,4.083,words/snrm5/d06-order.wav,snrm5,-5.0,-1.88,workshop-hall+robot-motors
d07,d,words,order,robot three make green crate,make,green crate,chatterbox,0.538,4.227,words/clean/d07-order.wav,clean,,,
d07,d,words,order,robot three make green crate,make,green crate,chatterbox,0.538,4.227,words/snr30/d07-order.wav,snr30,30.0,29.73,conveyor-belt
d07,d,words,order,robot three make green crate,make,green crate,chatterbox,0.538,4.227,words/snr20/d07-order.wav,snr20,20.0,23.49,factory-impacts+robot-motors
d07,d,words,order,robot three make green crate,make,green crate,chatterbox,0.538,4.227,words/snr10/d07-order.wav,snr10,10.0,13.51,workshop-hall+robot-motors
d07,d,words,order,robot three make green crate,make,green crate,chatterbox,0.538,4.227,words/snr5/d07-order.wav,snr5,5.0,4.89,conveyor-belt
d07,d,words,order,robot three make green crate,make,green crate,chatterbox,0.538,4.227,words/snr0/d07-order.wav,snr0,0.0,0.88,conveyor-belt+robot-motors
d07,d,words,order,robot three make green crate,make,green crate,chatterbox,0.538,4.227,words/snrm5/d07-order.wav,snrm5,-5.0,-0.06,factory-impacts
d08,d,words,order,robot three make grey box,make,grey box,chatterbox,0.39,3.955,words/clean/d08-order.wav,clean,,,
d08,d,words,order,robot three make grey box,make,grey box,chatterbox,0.39,3.955,words/snr30/d08-order.wav,snr30,30.0,32.6,sorting-centre+robot-motors
d08,d,words,order,robot three make grey box,make,grey box,chatterbox,0.39,3.955,words/snr20/d08-order.wav,snr20,20.0,21.0,conveyor-belt+robot-motors
d08,d,words,order,robot three make grey box,make,grey box,chatterbox,0.39,3.955,words/snr10/d08-order.wav,snr10,10.0,12.52,sorting-centre+robot-motors
d08,d,words,order,robot three make grey box,make,grey box,chatterbox,0.39,3.955,words/snr5/d08-order.wav,snr5,5.0,9.97,factory-impacts
d08,d,words,order,robot three make grey box,make,grey box,chatterbox,0.39,3.955,words/snr0/d08-order.wav,snr0,-0.0,3.69,factory-impacts+robot-motors
d08,d,words,order,robot three make grey box,make,grey box,chatterbox,0.39,3.955,words/snrm5/d08-order.wav,snrm5,-5.0,-1.5,workshop-hall+robot-motors
d09,d,words,order,robot three stop now,stop,,chatterbox,0.514,3.468,words/clean/d09-order.wav,clean,,,
d09,d,words,order,robot three stop now,stop,,chatterbox,0.514,3.468,words/snr30/d09-order.wav,snr30,30.0,32.5,sorting-centre+robot-motors
d09,d,words,order,robot three stop now,stop,,chatterbox,0.514,3.468,words/snr20/d09-order.wav,snr20,20.0,20.74,conveyor-belt
d09,d,words,order,robot three stop now,stop,,chatterbox,0.514,3.468,words/snr10/d09-order.wav,snr10,10.0,10.92,conveyor-belt+robot-motors
d09,d,words,order,robot three stop now,stop,,chatterbox,0.514,3.468,words/snr5/d09-order.wav,snr5,5.0,7.45,sorting-centre+robot-motors
d09,d,words,order,robot three stop now,stop,,chatterbox,0.514,3.468,words/snr0/d09-order.wav,snr0,0.0,0.98,conveyor-belt+robot-motors
d09,d,words,order,robot three stop now,stop,,chatterbox,0.514,3.468,words/snrm5/d09-order.wav,snrm5,-5.0,-1.02,factory-impacts+robot-motors
d10,d,words,order,robot three go forward,forward,,chatterbox,0.401,3.438,words/clean/d10-order.wav,clean,,,
d10,d,words,order,robot three go forward,forward,,chatterbox,0.401,3.438,words/snr30/d10-order.wav,snr30,30.0,33.39,workshop-hall+robot-motors
d10,d,words,order,robot three go forward,forward,,chatterbox,0.401,3.438,words/snr20/d10-order.wav,snr20,20.0,22.69,sorting-centre+robot-motors
d10,d,words,order,robot three go forward,forward,,chatterbox,0.401,3.438,words/snr10/d10-order.wav,snr10,10.0,12.4,sorting-centre+robot-motors
d10,d,words,order,robot three go forward,forward,,chatterbox,0.401,3.438,words/snr5/d10-order.wav,snr5,5.0,7.19,sorting-centre
d10,d,words,order,robot three go forward,forward,,chatterbox,0.401,3.438,words/snr0/d10-order.wav,snr0,-0.0,2.57,sorting-centre+robot-motors
d10,d,words,order,robot three go forward,forward,,chatterbox,0.401,3.438,words/snrm5/d10-order.wav,snrm5,-5.0,-1.57,factory-impacts+robot-motors
d11,d,words,order,robot three left,turn_left,,chatterbox,0.445,2.675,words/clean/d11-order.wav,clean,,,
d11,d,words,order,robot three left,turn_left,,chatterbox,0.445,2.675,words/snr30/d11-order.wav,snr30,30.0,29.18,conveyor-belt
d11,d,words,order,robot three left,turn_left,,chatterbox,0.445,2.675,words/snr20/d11-order.wav,snr20,20.0,22.76,workshop-hall+robot-motors
d11,d,words,order,robot three left,turn_left,,chatterbox,0.445,2.675,words/snr10/d11-order.wav,snr10,10.0,12.48,sorting-centre+robot-motors
d11,d,words,order,robot three left,turn_left,,chatterbox,0.445,2.675,words/snr5/d11-order.wav,snr5,5.0,5.41,conveyor-belt
d11,d,words,order,robot three left,turn_left,,chatterbox,0.445,2.675,words/snr0/d11-order.wav,snr0,0.0,3.51,workshop-hall
d11,d,words,order,robot three left,turn_left,,chatterbox,0.445,2.675,words/snrm5/d11-order.wav,snrm5,-5.0,-1.63,factory-impacts+robot-motors
d12,d,words,order,robot three right,turn_right,,chatterbox,0.289,2.386,words/clean/d12-order.wav,clean,,,
d12,d,words,order,robot three right,turn_right,,chatterbox,0.289,2.386,words/snr30/d12-order.wav,snr30,30.0,33.37,factory-impacts+robot-motors
d12,d,words,order,robot three right,turn_right,,chatterbox,0.289,2.386,words/snr20/d12-order.wav,snr20,20.0,22.24,sorting-centre+robot-motors
d12,d,words,order,robot three right,turn_right,,chatterbox,0.289,2.386,words/snr10/d12-order.wav,snr10,10.0,13.21,workshop-hall+robot-motors
d12,d,words,order,robot three right,turn_right,,chatterbox,0.289,2.386,words/snr5/d12-order.wav,snr5,5.0,8.35,workshop-hall
d12,d,words,order,robot three right,turn_right,,chatterbox,0.289,2.386,words/snr0/d12-order.wav,snr0,0.0,2.9,sorting-centre+robot-motors
d12,d,words,order,robot three right,turn_right,,chatterbox,0.289,2.386,words/snrm5/d12-order.wav,snrm5,-5.0,-1.1,factory-impacts+robot-motors
d13,d,words,order,robot three carry green crate,carry,green crate,chatterbox,0.23,3.842,words/clean/d13-order.wav,clean,,,
d13,d,words,order,robot three carry green crate,carry,green crate,chatterbox,0.23,3.842,words/snr30/d13-order.wav,snr30,30.0,32.2,sorting-centre
d13,d,words,order,robot three carry green crate,carry,green crate,chatterbox,0.23,3.842,words/snr20/d13-order.wav,snr20,20.0,23.63,factory-impacts+robot-motors
d13,d,words,order,robot three carry green crate,carry,green crate,chatterbox,0.23,3.842,words/snr10/d13-order.wav,snr10,10.0,10.65,conveyor-belt+robot-motors
d13,d,words,order,robot three carry green crate,carry,green crate,chatterbox,0.23,3.842,words/snr5/d13-order.wav,snr5,5.0,9.59,factory-impacts
d13,d,words,order,robot three carry green crate,carry,green crate,chatterbox,0.23,3.842,words/snr0/d13-order.wav,snr0,-0.0,3.13,factory-impacts+robot-motors
d13,d,words,order,robot three carry green crate,carry,green crate,chatterbox,0.23,3.842,words/snrm5/d13-order.wav,snrm5,-5.0,-3.82,conveyor-belt+robot-motors
d14,d,words,order,robot three make blue pallet,make,blue pallet,chatterbox,0.243,4.041,words/clean/d14-order.wav,clean,,,
d14,d,words,order,robot three make blue pallet,make,blue pallet,chatterbox,0.243,4.041,words/snr30/d14-order.wav,snr30,30.0,34.79,factory-impacts
d14,d,words,order,robot three make blue pallet,make,blue pallet,chatterbox,0.243,4.041,words/snr20/d14-order.wav,snr20,20.0,22.16,sorting-centre
d14,d,words,order,robot three make blue pallet,make,blue pallet,chatterbox,0.243,4.041,words/snr10/d14-order.wav,snr10,10.0,14.91,factory-impacts
d14,d,words,order,robot three make blue pallet,make,blue pallet,chatterbox,0.243,4.041,words/snr5/d14-order.wav,snr5,5.0,8.76,factory-impacts+robot-motors
d14,d,words,order,robot three make blue pallet,make,blue pallet,chatterbox,0.243,4.041,words/snr0/d14-order.wav,snr0,0.0,3.51,factory-impacts+robot-motors
d14,d,words,order,robot three make blue pallet,make,blue pallet,chatterbox,0.243,4.041,words/snrm5/d14-order.wav,snrm5,-5.0,-1.65,workshop-hall+robot-motors
d15,d,words,order,robot three why,why,,chatterbox,0.214,2.377,words/clean/d15-order.wav,clean,,,
d15,d,words,order,robot three why,why,,chatterbox,0.214,2.377,words/snr30/d15-order.wav,snr30,30.0,32.33,sorting-centre
d15,d,words,order,robot three why,why,,chatterbox,0.214,2.377,words/snr20/d15-order.wav,snr20,20.0,24.63,factory-impacts+robot-motors
d15,d,words,order,robot three why,why,,chatterbox,0.214,2.377,words/snr10/d15-order.wav,snr10,10.0,12.66,sorting-centre+robot-motors
d15,d,words,order,robot three why,why,,chatterbox,0.214,2.377,words/snr5/d15-order.wav,snr5,5.0,5.09,conveyor-belt
d15,d,words,order,robot three why,why,,chatterbox,0.214,2.377,words/snr0/d15-order.wav,snr0,0.0,2.28,sorting-centre
d15,d,words,order,robot three why,why,,chatterbox,0.214,2.377,words/snrm5/d15-order.wav,snrm5,-5.0,-1.21,workshop-hall
